Date,Close/Last,Volume,Open,High,Low
07/02/2021,2792.5,1125,2759,2812.5,2758
07/01/2021,2768.9,1076,2789,2802,2751
06/30/2021,2779.2,1526,2683,2793,2670
06/29/2021,2681.2,876,2696,2699.5,2663.5
06/28/2021,2699.4,1112,2634,2704.5,2630
06/25/2021,2637.2,777,2634.5,2660.5,2612.5
06/24/2021,2643.9,883,2609.5,2656.5,2604
06/23/2021,2630.5,1138,2544,2637,2544
06/22/2021,2558.9,1164,2579.5,2607,2535
06/21/2021,2558.3,1776,2472,2588,2468
06/19/2021,2469.9,N/A,2469.9,2469.9,2469.9
06/18/2021,2469.9,2766,2488,2595,2452
06/17/2021,2512.2,4306,2799.5,2808.5,2484.5
06/16/2021,2836.8,1601,2769.5,2843,2753.5
06/15/2021,2764.8,804,2756.5,2769,2740
06/14/2021,2756.6,797,2784.5,2784.5,2746
06/11/2021,2780.8,857,2778,2814,2767.5
06/10/2021,2777.7,821,2781,2786,2736
06/09/2021,2772.8,710,2805.5,2823,2766.5
06/08/2021,2807,1189,2833.5,2849,2750
06/07/2021,2837.7,629,2839,2847,2822
06/04/2021,2842.2,1000,2848.5,2849.5,2813
06/03/2021,2826.6,1343,2855,2875,2796
06/02/2021,2868.6,786,2868,2875.5,2835.5
06/01/2021,2863.2,1470,2828.5,2871.5,2863
05/28/2021,2830.1,1241,2807,2843,2780
05/27/2021,2810.5,2312,2743.5,2847,2733
05/26/2021,2752.7,2760,2780,2814,2734
05/25/2021,2785.9,2447,2734.5,2795,2734.5
05/24/2021,2739.2,1665,2780,2825,2734
05/21/2021,2784.7,2243,2860,2885,2778
05/20/2021,2879.4,1644,2883.5,2906.5,2858.5
05/19/2021,2884.8,2998,2910.5,2917.5,2848
05/18/2021,2903.1,1911,2903,2941,2893.5
05/17/2021,2895.9,1533,2887.5,2909,2877
05/14/2021,2894.6,1357,2868,2926.5,2855.5
05/13/2021,2864.6,2088,2859.5,2901,2798.5
05/12/2021,2849,2251,2943,2960,2845
05/11/2021,2926.2,1941,2956,2986.5,2910.5
05/10/2021,2968.2,2539,2915.5,3000,2915.5
05/07/2021,2925.1,2515,2938.5,2965,2823.5
05/06/2021,2947.4,2276,2974.5,2992,2899.5
05/05/2021,2972.8,1314,2986,3010,2952.5
05/04/2021,2977.6,1160,2981,3019,2964.5
05/03/2021,2981.4,1018,2946,2997,2934
04/30/2021,2953.7,1403,2949,3010,2931.5
04/29/2021,2948.6,1230,2934,2964.5,2940
04/28/2021,2930.2,1137,2947,2947.5,2897
04/27/2021,2952.6,1445,2899,2962.5,2888
04/26/2021,2909.3,1604,2852.5,2932,2911
04/23/2021,2857,1431,2821,2928,2821
04/22/2021,2842.9,1602,2883,2894,2814.5
04/21/2021,2875.6,1887,2745.5,2892,2745.5
04/20/2021,2757.4,1980,2824.5,2824.5,2721.5
04/19/2021,2813.6,1473,2777.5,2851,2761
04/16/2021,2774.7,1353,2725,2787.5,2725
04/15/2021,2739.4,1513,2690.5,2770,2685
04/14/2021,2679.4,1308,2696.5,2681.5,2674
04/13/2021,2696.9,1522,2681.5,2709,2671
04/12/2021,2671.9,1601,2641,2683.5,2615
04/09/2021,2636,659,2623.5,2647,2615
04/08/2021,2628.3,738,2615,2650,2606.5
04/07/2021,2621.1,1521,2686,2687.5,2585
04/06/2021,2690.2,1239,2660.5,2699,2646
04/05/2021,2654.7,592,2659.5,2672.5,2620.5
04/01/2021,2655.8,932,2621.5,2669,2607
03/31/2021,2619.9,866,2570.5,2624.5,2567.5
03/30/2021,2569,1599,2521.5,2604,2518.5
03/29/2021,2530.7,2311,2687.5,2687.5,2511.5
03/26/2021,2676.1,1268,2636.5,2685,2616
03/25/2021,2615.4,1125,2640,2620.5,2610
03/24/2021,2640.1,1177,2595.5,2645.5,2592.5
03/23/2021,2617.3,1509,2614.5,2644.5,2560
03/22/2021,2600.2,1543,2611.5,2651,2550
03/19/2021,2630.9,2158,2680.5,2685,2592.5
03/18/2021,2662.8,3978,2575.5,2749,2575
03/17/2021,2538.3,2954,2473,2574,2447
03/16/2021,2491.9,3788,2384.5,2529,2373
03/15/2021,2373.7,1426,2369.5,2394.5,2336
03/12/2021,2360.7,1261,2335.5,2368,2314.5
03/11/2021,2341.6,2016,2302,2364.5,2285.5
03/10/2021,2293.2,1516,2292.5,2301,2273.5
03/09/2021,2292.2,2352,2310,2318,2263.5
03/08/2021,2314.2,1056,2324,2352.5,2306.5
03/05/2021,2329.1,1393,2325,2364,2314.5
03/04/2021,2342.8,1314,2337,2373,2321
03/03/2021,2354.4,1535,2358,2377,2325.5
03/02/2021,2368.6,1652,2341.5,2373.5,2327
03/01/2021,2349,1943,2311.5,2380,2305
02/26/2021,2313.5,3370,2402,2311,2298.5
02/25/2021,2414.8,2986,2446,2466.5,2401.5
02/24/2021,2431.5,3910,2357,2446.5,2333.5
02/23/2021,2344.7,3262,2392,2410,2294
02/22/2021,2402.9,2314,2400,2408,2387.5
02/19/2021,2379.8,1717,2358,2390,2335
02/18/2021,2358.8,1393,2386.5,2403.5,2345.5
02/17/2021,2369.7,1632,2390,2392,2358
02/16/2021,2388.2,2807,2387.5,2390.5,2383.5
02/12/2021,2382.6,1535,2352,2387.5,2383
02/11/2021,2347,1718,2360,2373.5,2337.5
02/10/2021,2352.5,2509,2320,2387,2316
02/09/2021,2320.6,1390,2334.5,2351.5,2303.5
02/08/2021,2336.7,2168,2344.5,2357.5,2322
02/05/2021,2326.3,1996,2284.5,2345,2280
02/04/2021,2280.7,1911,2266,2293.5,2236.5
02/03/2021,2276.6,2055,2235.5,2283,2225.5
02/02/2021,2227.7,2041,2240.5,2272.5,2215
02/01/2021,2241.7,2653,2245,2281.5,2208
01/29/2021,2208.4,3752,2334,2229.5,2216
01/28/2021,2322.3,2437,2309,2340,2300
01/27/2021,2310.5,1652,2324,2332.5,2303.5
01/26/2021,2325,1803,2338.5,2350.5,2315
01/25/2021,2346.9,2314,2361,2386.5,2320
01/22/2021,2365.2,1675,2372,2383,2350
01/21/2021,2375.1,1076,2376,2414.5,2365.5
01/20/2021,2403.2,1450,2367,2404,2342
01/19/2021,2365,2188,2394.5,2408,2353
01/15/2021,2395.1,1535,2410,2465.5,2376.5
01/14/2021,2423.3,1048,2390.5,2428,2373.5
01/13/2021,2397.1,895,2394.5,2409,2378.5
01/12/2021,2376.2,966,2383.5,2408,2364.5
01/11/2021,2378.8,1432,2375.5,2405,2344.5
01/08/2021,2365,2047,2433.5,2448,2341
01/07/2021,2431.6,1035,2446.5,2464.5,2408.5
01/06/2021,2448.1,1871,2474,2500,2405.5
01/05/2021,2493.4,2442,2390,2536.5,2380
01/04/2021,2391.2,1999,2464.5,2485.5,2370
12/31/2020,2453.8,1186,2372,2464.5,2364.5
12/30/2020,2378.4,797,2339,2385,2334
12/29/2020,2344.3,1259,2343,2375,2323
12/28/2020,2351.8,2393,2342.5,2476.5,2335
12/24/2020,2345.9,520,2338,2353,2317
12/23/2020,2339.1,723,2322.5,2349,2313.5
12/22/2020,2323.1,1319,2323,2356,2307.5
12/21/2020,2316.4,2140,2363,2404.5,2297
12/18/2020,2372,1083,2348.5,2398,2332.5
12/17/2020,2347.5,1126,2334,2366,2328.5
12/16/2020,2348.2,905,2321,2357.5,2316
12/15/2020,2324,1262,2308,2369,2303.5
12/14/2020,2318.9,1012,2328.5,2340.5,2303.5
12/11/2020,2333.1,739,2340.5,2370,2318.5
12/10/2020,2335.5,1593,2266.5,2383.5,2266.5
12/09/2020,2290.6,1093,2320,2333.5,2261
12/08/2020,2327.9,1337,2355,2355,2302.5
12/07/2020,2351.3,856,2356,2389.5,2322
12/04/2020,2357.8,1788,2324.5,2394.4,2323.6
12/03/2020,2317.9,3326,2417.6,2431.6,2228
12/02/2020,2408.2,1391,2418.7,2440,2383.1
12/01/2020,2429.7,1417,2389.4,2446.4,2383.6
11/30/2020,2405.9,1675,2438.2,2442,2374
11/27/2020,2439.7,2145,2366.3,2443,2357
11/25/2020,2364.7,1232,2369,2370,2344.9
11/24/2020,2371.8,1416,2370.2,2379.1,2340.1
11/23/2020,2372.2,1445,2341.1,2377.6,2346.2
11/20/2020,2340.9,1712,2339.6,2358.2,2336.1
11/19/2020,2336.5,1091,2336.2,2365.1,2294.4
11/18/2020,2354,2127,2324.6,2339.3,2334.6
11/17/2020,2326.5,1804,2333.7,2349.2,2310.6
11/16/2020,2345.1,1779,2333.7,2363.9,2305.3
11/13/2020,2329.7,1438,2343.7,2358.1,2317.6
11/12/2020,2341.9,2177,2322.6,2368.3,2315.3
11/11/2020,2316.8,3220,2470.1,2479.4,2310.2
11/10/2020,2471.4,2050,2499.7,2504.1,2457
11/09/2020,2499.2,2910,2500.3,2523,2439.3
11/06/2020,2500,2741,2383.6,2512.9,2376.4
11/05/2020,2383.6,2988,2310.4,2390.3,2369.5
11/04/2020,2307.6,1530,2297.7,2299.4,2281.8
11/03/2020,2297.8,1774,2225.5,2297,2292
11/02/2020,2220.4,1722,2214.2,2270,2196
10/30/2020,2217.2,2138,2200.9,2259.5,2184
10/29/2020,2198.5,3003,2242.3,2282.6,2182
10/28/2020,2250.6,3483,2340,2367.4,2212.6
10/27/2020,2353.9,1247,2374.1,2395,2324.6
10/26/2020,2368.7,1533,2406.9,2406.9,2368
10/23/2020,2398.6,1135,2394.5,2414.9,2374.5
10/22/2020,2395.9,1056,2418.7,2428.9,2366.8
10/21/2020,2427.5,957,2417.7,2429.7,2406.2
10/20/2020,2417.7,1237,2355.5,2420.9,2416.1
10/19/2020,2357.5,943,2347.8,2367,2342.7
10/16/2020,2342.3,842,2363.7,2369.4,2330
10/15/2020,2367.1,976,2363.6,2374.2,2327.1
10/14/2020,2366.3,988,2334.9,2381.9,2323.8
10/13/2020,2344.3,2121,2421,2440.2,2304.8
10/12/2020,2425.6,1193,2464.8,2480,2410.7
10/09/2020,2463.2,1707,2394,2493.4,2392
10/08/2020,2403,1228,2374,2437.3,2366.2
10/07/2020,2382.1,712,2377,2397.5,2358.6
10/06/2020,2391.2,1059,2370.7,2399,2350
10/05/2020,2378.4,1106,2322.5,2384.1,2336.2
10/02/2020,2325,816,2333,2337.5,2302.6
10/01/2020,2328.2,1020,2312.5,2351,2312.5
09/30/2020,2330.5,1219,2325,2359.1,2308.7
09/29/2020,2329.3,1006,2283.8,2336.6,2261.3
09/28/2020,2271.5,857,2228.3,2288.5,2216.2
09/25/2020,2222.2,780,2230.3,2246.8,2197.9
09/24/2020,2226.9,1483,2240.3,2250,2193.1
09/23/2020,2258.3,1527,2212.3,2296.6,2184.8
09/22/2020,2229.6,1411,2291.8,2316.8,2227.3
09/21/2020,2281.7,2232,2375,2409.8,2250.3
09/18/2020,2380.8,1028,2342.2,2385,2324.1
09/17/2020,2335.3,1504,2413.9,2413.9,2310.3
09/16/2020,2417.6,1185,2438,2438,2378.1
09/15/2020,2414.5,1585,2316.8,2454.6,2316.8
09/14/2020,2324.4,827,2330,2364.1,2318.8
09/11/2020,2330.8,882,2311.1,2359.7,2299.2
09/10/2020,2330.9,1073,2314.4,2352.5,2285
09/09/2020,2318.2,1083,2290.4,2326,2269.9
09/08/2020,2305.8,1670,2328.3,2348.5,2255.3
09/04/2020,2343.2,1132,2334.3,2358.3,2293.6
09/03/2020,2321.6,2341,2266.5,2415,2262.5
09/02/2020,2267.5,1053,2298.1,2307.8,2261.2
09/01/2020,2311.1,1196,2268.7,2344.7,2264.2
08/31/2020,2279.3,1384,2225.2,2323.3,2224.1
08/28/2020,2231.5,1508,2192.4,2246.2,2177.8
08/27/2020,2190.5,2200,2199.3,2249.4,2161.3
08/26/2020,2212.9,1248,2199.9,2224.8,2169.8
08/25/2020,2193.8,1399,2196.1,2224.5,2155
08/24/2020,2187.4,1397,2199.9,2225,2175
08/21/2020,2201.4,999,2212,2235.2,2183.9
08/20/2020,2206.2,1123,2193.4,2222,2168.6
08/19/2020,2179.1,1227,2222,2222,2161.8
08/18/2020,2228.3,1507,2232,2258.4,2151
08/17/2020,2233.8,1665,2144.4,2247,2144.4
08/14/2020,2143.8,1142,2213.6,2213.6,2131.3
08/13/2020,2216.8,1643,2173,2235.8,2150.7
08/12/2020,2168.2,1552,2145.6,2210,2102.2
08/11/2020,2175,2571,2270.2,2285,2105
08/10/2020,2270.4,2259,2207.3,2350.3,2194.5
08/07/2020,2176.6,2190,2281.2,2292,2148.3
08/06/2020,2259.4,1739,2231.1,2307.5,2217.6
08/05/2020,2215.5,1531,2183,2237.5,2157
08/04/2020,2170.6,1380,2139,2192.2,2125.7
08/03/2020,2139.5,1334,2133.8,2170,2101.3
07/31/2020,2145.3,1509,2128,2189.7,2095
07/30/2020,2134.9,2679,2239.7,2243.6,2079
07/29/2020,2261.2,2679,2364.1,2367.8,2156.5
07/28/2020,2365.5,1858,2385.2,2419.1,2308.9
07/27/2020,2369.7,2423,2290.7,2418.8,2288
07/24/2020,2294.1,1755,2228.8,2310,2206.4
07/23/2020,2239.8,1327,2215.2,2245.1,2198.5
07/22/2020,2229,2000,2202.9,2237.2,2170
07/21/2020,2188.2,2507,2095.9,2237.9,2092.7
07/20/2020,2109.4,1552,2062.3,2121,2045.5
07/17/2020,2071.7,1297,2019.5,2078.3,2003
07/16/2020,2025.1,1183,2004.5,2057,1985
07/15/2020,2010,861,1982.4,2014.6,1975.3
07/14/2020,1985.6,1439,2010.3,2021,1958.1
07/13/2020,2040.9,2508,1996.5,2091.2,1989.2
07/10/2020,1994.4,1169,1963.8,1999.1,1953.8
07/09/2020,1963.2,2146,1936.4,2019.4,1935.9
07/08/2020,1938.3,1118,1940.3,1971.5,1923.1
07/07/2020,1951.6,932,1949.9,1955,1910.5
07/06/2020,1952.3,770,1925.6,1959,1920.7
07/02/2020,1927.6,589,1935,1937.8,1907.7
07/01/2020,1930.7,685,1956,1957,1915.3
06/30/2020,1966.9,1208,1917.2,1977,1903.1
06/29/2020,1933.1,894,1891.9,1937,1874.9
06/26/2020,1894.4,1201,1845,1899.5,1840.2
06/25/2020,1845.1,1176,1873.3,1894.9,1830.2
06/24/2020,1888.5,1372,1935.2,1965,1865.7
06/23/2020,1951.1,767,1934.7,1959,1923.6
06/22/2020,1942.1,1009,1913,1959.1,1885.3
06/19/2020,1908.4,720,1914,1924.9,1887.1
06/18/2020,1908.6,848,1925.5,1956.8,1876.5
06/17/2020,1925.5,822,1935.6,1948.2,1898.3
06/16/2020,1942.7,853,1945.8,1973.6,1927.1
06/15/2020,1933.1,1024,1930,1956.4,1889.5
06/12/2020,1938.5,857,1924.1,1963.1,1919.2
06/11/2020,1910.1,995,1952.2,1968.3,1904.1
06/10/2020,1930.8,1113,1965,1997,1915
06/09/2020,1967.1,1147,2049.6,2056.5,1936.4
06/08/2020,2036.9,1092,1945.3,2060.3,1926.2
06/05/2020,1952.6,870,1942.3,1995.1,1916.4
06/04/2020,1922.8,1216,1957.3,1963,1832.2
06/03/2020,1958.2,739,1986.9,2000.9,1955.2
06/02/2020,1982.6,849,1991.9,2029,1965.3
06/01/2020,1988.4,638,1938,1995,1934.4
05/29/2020,1934.5,6,1893.1,1900.1,1893.1
05/28/2020,1946.5,1347,1987.9,2011.3,1905.8
05/27/2020,1978.4,1607,1965.5,2000,1893.5
05/26/2020,1983.8,N/A,1983.8,1983.8,1983.8
05/22/2020,1971.8,N/A,1971.8,1971.8,1971.8
05/21/2020,2058.1,987,2139.4,2140,2030.9
05/20/2020,2154.1,N/A,2154.1,2154.1,2154.1
05/19/2020,2063.8,678,2035.6,2132,1977
05/18/2020,2027.1,2262,1873.1,2070,1864.9
05/15/2020,1852.6,N/A,1852.6,1852.6,1852.6
05/14/2020,1798.2,1107,1804,1814.4,1742.2
05/13/2020,1790.7,1269,1817.2,1839.6,1747.5
05/12/2020,1835.4,1191,1852.5,1887.4,1814.3
05/11/2020,1828.1,1303,1844.4,1914.5,1805
05/08/2020,1815.8,N/A,1815.8,1815.8,1815.8
05/07/2020,1835.7,1314,1761.5,1843.1,1761.5
05/06/2020,1758.9,1374,1778.5,1793.1,1735
05/05/2020,1756.5,1452,1830.9,1837.1,1732
05/04/2020,1831,N/A,1831,1831,1831
05/01/2020,1883.5,N/A,1883.5,1883.5,1883.5
04/30/2020,1956,1200,1929,2075.6,1919.3
04/29/2020,1913.5,N/A,1913.5,1913.5,1913.5
04/28/2020,1878.7,927,1911.1,1922.1,1862.5
04/27/2020,1894.8,1037,1998.9,2029.4,1875
04/24/2020,2013.8,N/A,2013.8,2013.8,2013.8
04/23/2020,2001,1085,1852.1,2046.8,1852.1
04/22/2020,1892.2,735,1884.4,1924.1,1873.4
04/21/2020,1907.6,1826,2121.4,2130.5,1765
04/20/2020,2127.5,711,2112.9,2159.2,2103.1
04/17/2020,2159.4,N/A,2159.4,2159.4,2159.4
04/16/2020,2120.7,842,2125.4,2186.3,2090
04/15/2020,2153.6,1071,2195.7,2204.8,2100
04/14/2020,2185.4,1135,2173.9,2255,2121
04/13/2020,2199.2,N/A,2199.2,2199.2,2199.2
04/09/2020,2138.5,N/A,2138.5,2138.5,2138.5
04/08/2020,2095.2,532,2103.2,2134.9,2072
04/07/2020,2094.3,949,2082.2,2207.2,2057.6
04/06/2020,2105.3,N/A,2105.3,2105.3,2105.3
04/03/2020,2134.5,N/A,2134.5,2134.5,2134.5
04/02/2020,2121.7,1120,2126,2235,2039.9
04/01/2020,2140.8,1191,2245,2288,2110.5
03/31/2020,2333.3,N/A,2333.3,2333.3,2333.3
03/30/2020,2197.6,1012,2140,2224,2105.3
03/27/2020,2226.8,N/A,2226.8,2226.8,2226.8
03/26/2020,2226.1,1660,2237.7,2300,2108
03/25/2020,2247.6,2917,1818.2,2319.9,1811.9
03/24/2020,1817,N/A,1817,1817,1817
03/23/2020,1556.9,1198,1565.6,1615.1,1483.3
03/20/2020,1570.3,N/A,1570.3,1570.3,1570.3
03/19/2020,1529.4,2090,1460,1596,1370
03/18/2020,1419.8,2174,1509.6,1548.5,1410.8
03/17/2020,1539.7,N/A,1539.7,1539.7,1539.7
03/16/2020,1514.1,4872,1581.6,1759.3,1355.1
03/13/2020,1509.1,5360,1787.6,1951.3,1464.1
03/12/2020,1914.9,9471,2215.3,2224,1560
03/11/2020,2229.3,3130,2338.4,2339.9,2210.3
03/10/2020,2347.5,1,2380,2380,2380
03/09/2020,2405.7,3892,2469.9,2478.1,2250
03/06/2020,2439.2,4601,2454.1,2550,2378.3
03/05/2020,2487.1,1,2420,2420,2420
03/04/2020,2385,3029,2399.9,2472,2322.1
03/03/2020,2405.2,4,2439,2440,2439
03/02/2020,2445.4,7,2535,2535,2535
02/28/2020,2508.8,88,2797.1,2797.1,2448.4
02/27/2020,2711.7,4281,2724.1,2789.8,2640
02/26/2020,2666.8,4321,2657,2699.5,2657
02/25/2020,2614.3,3265,2528.5,2619.7,2525.3
02/24/2020,2514.8,3657,2614.9,2628.4,2485.9
02/21/2020,2627.3,N/A,2627.3,2627.3,2627.3
02/20/2020,2573.9,4944,2608.3,2674.2,2545.6
02/19/2020,2571.2,7360,2543.9,2755.9,2537
02/18/2020,2519.5,N/A,2519.5,2519.5,2519.5
02/14/2020,2338.6,N/A,2338.6,2338.6,2338.6
02/13/2020,2351,3458,2326.5,2355.9,2301.3
02/12/2020,2322.5,4051,2268.8,2329.6,2241
02/11/2020,2287.6,N/A,2287.6,2287.6,2287.6
02/10/2020,2249.8,3172,2206,2278.7,2206
02/07/2020,2232.1,N/A,2232.1,2232.1,2232.1
02/06/2020,2237.2,5327,2339.7,2366.4,2215.9
02/05/2020,2326.7,5080,2338.4,2400.1,2318
02/04/2020,2335.6,5706,2238.9,2345,2226.9
02/03/2020,2233.5,3476,2216,2244.7,2190.3
01/31/2020,2246.6,N/A,2246.6,2246.6,2246.6
01/30/2020,2215.7,3806,2215,2254.4,2178.8
01/29/2020,2202.2,4348,2182.8,2233.8,2171.9
01/28/2020,2185.1,5590,2172.5,2240,2151.2
01/27/2020,2173.6,7012,2324.2,2326.2,2161.3
01/24/2020,2329.3,N/A,2329.3,2329.3,2329.3
01/23/2020,2329,8952,2364.1,2427,2299
01/22/2020,2335.6,7429,2232.7,2372.9,2217.5
01/21/2020,2245.7,N/A,2245.7,2245.7,2245.7
01/17/2020,2237.9,N/A,2237.9,2237.9,2237.9
01/16/2020,2177.8,9174,2173.3,2244.8,2163.4
01/15/2020,2165.1,6203,2130.1,2178.5,2116
01/14/2020,2123.3,5012,2084.8,2132,2075.2
01/13/2020,2079.1,4129,2072.9,2098.5,2063.3
01/10/2020,2072.7,N/A,2072.7,2072.7,2072.7
01/09/2020,2060.4,7910,2065.1,2114,2016.3
01/08/2020,2061.4,6773,2023.3,2068.5,1990
01/07/2020,2014.3,4760,1998,2023,1980.5
01/06/2020,1989.6,5120,1958.4,1998.7,1955.8
01/03/2020,1955.5,N/A,1955.5,1955.5,1955.5
01/02/2020,1927.8,N/A,1927.8,1927.8,1927.8
12/31/2019,1909.1,N/A,1909.1,1909.1,1909.1
12/30/2019,1880.5,2329,1878,1885.1,1872.3
12/27/2019,1881.2,3059,1867.8,1882.2,1860.1
12/26/2019,1868.5,N/A,1868.5,1868.5,1868.5
12/24/2019,1851.7,N/A,1851.7,1851.7,1851.7
12/23/2019,1849,6232,1827,1856,1785.3
12/20/2019,1808.8,N/A,1808.8,1808.8,1808.8
12/19/2019,1900.9,N/A,1900.9,1900.9,1900.9
12/18/2019,1896.2,4477,1925,1928.3,1889.9
12/17/2019,1918.6,5745,1955,1974.6,1905.3
12/16/2019,1963.6,4274,1907.3,1969.8,1907.1
12/13/2019,1890.4,1,1890.4,1890.4,1890.4
12/12/2019,1914.2,4115,1914.4,1920.1,1914
12/11/2019,1885.1,2894,1870,1892,1865
12/10/2019,1871.3,N/A,1871.3,1871.3,1871.3
12/09/2019,1856.6,2495,1850.2,1868.6,1844.4
12/06/2019,1844.2,6,1845.9,1845.9,1843.8
12/05/2019,1845.7,3460,1841.5,1848.5,1820
12/04/2019,1845.4,3569,1829,1846.5,1823.1
12/03/2019,1828.2,31,1840,1840,1828.7
12/02/2019,1824.7,3393,1812.4,1835.4,1808.7
11/29/2019,1810.1,4425,1814.2,1818,1795.9
11/27/2019,1811.4,1214,1783.4,1816.9,1774
11/26/2019,1782,6027,1768.7,1792,1752
11/25/2019,1772,4641,1746.2,1786.2,1744.6
11/22/2019,1745.9,N/A,1745.9,1745.9,1745.9
11/21/2019,1731.9,5939,1732.8,1739.1,1723.7
11/20/2019,1744.3,N/A,1744.3,1744.3,1744.3
11/19/2019,1739.9,N/A,1739.9,1739.9,1739.9
11/18/2019,1704.4,3807,1674.4,1708.3,1670.9
11/15/2019,1685,N/A,1685,1685,1685
11/14/2019,1702.1,3832,1675.2,1705.1,1673.2
11/13/2019,1675.1,4031,1665.4,1698.2,1661
11/12/2019,1672.6,N/A,1672.6,1672.6,1672.6
11/11/2019,1656,6434,1708.2,1724.3,1644.3
11/08/2019,1711.1,N/A,1711.1,1711.1,1711.1
11/07/2019,1780.3,N/A,1780.3,1780.3,1780.3
11/06/2019,1761.1,2849,1763.6,1764.6,1754.2
11/05/2019,1746.7,4144,1750.4,1760.9,1731.7
11/04/2019,1752.8,3949,1783.4,1796.3,1745.8
11/01/2019,1786.8,N/A,1786.8,1786.8,1786.8
10/31/2019,1755.6,4336,1782.8,1798.2,1748.7
10/30/2019,1794.6,N/A,1794.6,1794.6,1794.6
10/29/2019,1755.1,2508,1774.6,1779,1749.4
10/28/2019,1779.3,3457,1741,1784.9,1740.4
10/25/2019,1745.6,N/A,1745.6,1745.6,1745.6
10/24/2019,1747.9,3456,1716.7,1757.9,1713.2
10/23/2019,1714.6,2981,1726.2,1734.6,1703
10/22/2019,1728.5,1716,1731.9,1739.7,1720.9
10/21/2019,1725.3,2604,1726.9,1746.2,1718.6
10/18/2019,1719,N/A,1719,1719,1719
10/17/2019,1730.7,3416,1732.8,1750,1721
10/16/2019,1735,4435,1701.2,1744.7,1696.7
10/15/2019,1696.6,2960,1679,1706.2,1676.2
10/14/2019,1687,3020,1668.1,1688.6,1657.3
10/11/2019,1670.1,2720,1676.3,1679.6,1654.9
10/10/2019,1675.9,4241,1655.7,1677.3,1645
10/09/2019,1654.7,2903,1649.3,1667.3,1630.7
10/08/2019,1652.1,N/A,1652.1,1652.1,1652.1
10/07/2019,1646.3,2159,1645.4,1648,1623.5
10/04/2019,1643.8,N/A,1643.8,1643.8,1643.8
10/03/2019,1630.2,4055,1662.9,1667.3,1618.1
10/02/2019,1666.9,N/A,1666.9,1666.9,1666.9
10/01/2019,1630.7,3105,1647.5,1653.8,1621
09/30/2019,1647.5,4624,1654.2,1669.4,1628.3
09/27/2019,1652.9,3624,1640.4,1662.8,1620
09/26/2019,1642.9,4075,1611.9,1644.3,1611.9
09/25/2019,1611.8,4404,1646.1,1648.7,1602.3
09/24/2019,1648.2,3,1693,1693,1693
09/23/2019,1625.6,2351,1616.2,1643.3,1616.1
09/20/2019,1626.8,2,1631.4,1639.7,1631.4
09/19/2019,1612.6,4170,1582.4,1617.3,1575.4
09/18/2019,1582.2,3749,1591.7,1599.1,1563.2
09/17/2019,1597.7,2766,1599.8,1607.4,1582.2
09/16/2019,1591.5,N/A,1591.5,1591.5,1591.5
09/13/2019,1600.5,N/A,1600.5,1600.5,1600.5
09/12/2019,1604.8,5469,1564.3,1616.5,1564.2
09/11/2019,1556.8,4282,1554.1,1584.6,1549.6
09/10/2019,1554.1,2730,1538.4,1557,1530.4
09/09/2019,1536.8,2382,1538.7,1557.6,1518.6
09/06/2019,1544.1,1,1535,1535,1535
09/05/2019,1561.1,3653,1554.9,1564,1536
09/04/2019,1552.1,3373,1538.2,1558.3,1533
09/03/2019,1535.2,4933,1530.1,1541.9,1514
08/30/2019,1531,7366,1467,1543.2,1466.9
08/29/2019,1471.5,4087,1466.9,1485.4,1462
08/28/2019,1462.5,5313,1478.1,1479.4,1454.2
08/27/2019,1481,3695,1473,1483,1469.3
08/26/2019,1474.9,3470,1455,1475.9,1450
08/23/2019,1456.8,3344,1482.3,1486.5,1452.6
08/22/2019,1484,1,1480,1480,1480
08/21/2019,1465.5,4222,1484.8,1488.5,1457.2
08/20/2019,1489.7,3198,1472.4,1490.9,1469.8
08/19/2019,1474.3,4112,1442,1479.1,1438.6
08/16/2019,1441.3,3374,1439.8,1447.9,1434
08/15/2019,1438.6,2931,1416.3,1444,1414.1
08/14/2019,1416.4,3743,1448,1449.4,1412
08/13/2019,1451.5,3746,1422.5,1455.6,1412
08/12/2019,1430.8,3003,1419.1,1434.8,1410.3
08/09/2019,1419.3,2570,1416.4,1430.2,1412.7
08/08/2019,1413.5,3219,1408.7,1429.6,1405.7
08/07/2019,1405.1,N/A,1405.1,1405.1,1405.1
08/06/2019,1437,3142,1416.5,1443.8,1415.6
08/05/2019,1416.3,4356,1402.5,1448,1390
08/02/2019,1404.2,6964,1430.9,1444,1378.2
08/01/2019,1414.3,9662,1517.5,1521.3,1409.1
07/31/2019,1524.4,3292,1512.6,1538.6,1512.5
07/30/2019,1509.1,3862,1553.2,1554.7,1505.2
07/29/2019,1553.8,3200,1529,1560,1515.3
07/26/2019,1527.5,N/A,1527.5,1527.5,1527.5
07/25/2019,1533.9,2453,1540,1544.9,1525.3
07/24/2019,1538.5,2209,1523.5,1540,1518
07/23/2019,1518.6,2005,1524.8,1528.1,1511.7
07/22/2019,1529.2,2855,1507.1,1531.2,1495.3
07/19/2019,1508.3,3700,1527.3,1534,1495.5
07/18/2019,1511.9,4405,1539.9,1548.3,1505.8
07/17/2019,1539.7,N/A,1539.7,1539.7,1539.7
07/16/2019,1516.3,4918,1562.4,1564.8,1502.5
07/15/2019,1562.9,2804,1541.9,1568.9,1540.6
07/12/2019,1542.4,3465,1554.9,1558.5,1526.1
07/11/2019,1559.1,4946,1585.1,1600.5,1550.3
07/10/2019,1588.1,4899,1542.3,1593.2,1536.9
07/09/2019,1539.9,3217,1556.3,1556.3,1532.5
07/08/2019,1558.2,1931,1559.7,1569.6,1552
07/05/2019,1564.2,3866,1558.2,1571.6,1548.2
07/03/2019,1565.8,1200,1567.4,1567.4,1548.2
07/02/2019,1552.8,2648,1540.2,1555.2,1535
07/01/2019,1539.1,N/A,1539.1,1539.1,1539.1
06/28/2019,1532.4,4057,1543.4,1558.3,1511
06/27/2019,1538.9,2690,1514.9,1543.1,1508.6
06/26/2019,1518,6,1518,1518,1518
06/25/2019,1532.5,3738,1529.4,1542.3,1501.2
06/24/2019,1528.6,3579,1491.4,1537.5,1491.4
06/21/2019,1499.6,3963,1472.6,1507.1,1464.7
06/20/2019,1480.6,5038,1493.7,1525.1,1461.6
06/19/2019,1492.6,3089,1474.5,1495.8,1473
06/18/2019,1473.3,3412,1449.5,1482.8,1448.9
06/17/2019,1455.5,3210,1462.3,1463.7,1438.3
06/14/2019,1461.5,4370,1442.4,1464,1435.5
06/13/2019,1438.2,4226,1404.1,1442.6,1398
06/12/2019,1405.6,3043,1388.2,1409.2,1381.6
06/11/2019,1389.2,3314,1376.6,1396,1372
06/10/2019,1386.8,3755,1351.5,1388,1342.1
06/07/2019,1356,2803,1345.1,1369.3,1338.7
06/06/2019,1349.1,2806,1326.2,1352.2,1325.4
06/05/2019,1327.3,3041,1342.8,1345,1311.6
06/04/2019,1337.1,12,1330,1341.3,1330
06/03/2019,1315,3040,1326.6,1345.7,1305
05/31/2019,1331.5,4937,1366.9,1370.1,1314.6
05/30/2019,1369.8,1627,1345.7,1378.9,1331.7
05/29/2019,1343.9,4184,1335.5,1344.9,1322.8
05/28/2019,1336.7,4487,1327.7,1341.9,1322.1
05/24/2019,1324,343,1323.7,1331.4,1315
05/23/2019,1305.5,1746,1304.9,1315,1299.5
05/22/2019,1313.5,4387,1315.6,1323.7,1291.7
05/21/2019,1312.5,2847,1326,1332.9,1311.2
05/20/2019,1331,2568,1308,1332.9,1303.9
05/17/2019,1305.8,2609,1329.3,1329.3,1302.4
05/16/2019,1324.7,2485,1336.7,1339,1320
05/15/2019,1332.9,5370,1331.4,1350,1298
05/14/2019,1333,2507,1315.1,1336.1,1308
05/13/2019,1316.8,4057,1342.6,1346.5,1310.8
05/10/2019,1350.7,6553,1291.1,1353.9,1285.3
05/09/2019,1283,6987,1311.6,1317.4,1256.5
05/08/2019,1306.4,3825,1322.3,1332,1305.3
05/07/2019,1323.4,4448,1329.9,1346.3,1308.3
05/06/2019,1328.1,3354,1357.3,1363.8,1324
05/03/2019,1358,4190,1350.4,1373.3,1335.2
05/02/2019,1343.2,3155,1352,1356.3,1325
05/01/2019,1344.4,6817,1376.8,1378.1,1303.6
04/30/2019,1387.4,N/A,1387.4,1387.4,1387.4
04/29/2019,1362,7906,1455.8,1457.2,1353.7
04/26/2019,1447.2,5399,1405.9,1457.1,1397.8
04/25/2019,1406.9,2631,1404.8,1411.3,1397.2
04/24/2019,1405.1,4163,1376.3,1409.5,1370.5
04/23/2019,1375.6,3272,1374.5,1381.8,1352.1
04/22/2019,1369.8,3451,1409.6,1417.2,1360
04/18/2019,1398.5,3973,1377.6,1410.4,1359
04/17/2019,1378.6,4702,1331,1383.3,1328.9
04/16/2019,1328.4,3035,1335.1,1347.8,1325.7
04/15/2019,1334.7,2121,1349.4,1349.6,1332.8
04/12/2019,1350.2,3016,1342.1,1354.3,1335.8
04/11/2019,1332.6,4470,1361.3,1373,1324.3
04/10/2019,1363.2,2178,1362.6,1371.5,1355
04/09/2019,1362.6,3286,1358.2,1373.3,1340.8
04/08/2019,1356.3,N/A,1356.3,1356.3,1356.3
04/05/2019,1345.9,6458,1338,1357,1292.5
04/04/2019,1332.3,5098,1377.7,1383.9,1329.4
04/03/2019,1378.1,5625,1400.5,1413,1351
04/02/2019,1400.3,4866,1390.3,1408.5,1364.8
04/01/2019,1391.8,4486,1348.9,1395,1338.3
03/29/2019,1341.8,8289,1316,1369,1308
03/28/2019,1309.7,12997,1419.3,1424.8,1303.2
03/27/2019,1421.5,10435,1513.2,1522.9,1407.4
03/26/2019,1515.9,4820,1544.4,1549.5,1504.9
03/25/2019,1543.4,5417,1520.9,1547.9,1501.3
03/22/2019,1515.5,6008,1566,1570.9,1512
03/21/2019,1557.9,3657,1559.9,1576.9,1550
03/20/2019,1560.4,2621,1554,1565.5,1548.3
03/19/2019,1551.9,4402,1542.1,1563.3,1536
03/18/2019,1539.7,3689,1513.7,1541.8,1500.9
03/15/2019,1518.5,3068,1514.1,1524.1,1511.8
03/14/2019,1531.7,5,1530.1,1530.1,1530.1
03/13/2019,1506.7,2838,1498.4,1515,1490
03/12/2019,1519.9,N/A,1519.9,1519.9,1519.9
03/11/2019,1482,3373,1470.1,1495.5,1463.2
03/08/2019,1459,4136,1484.5,1487,1455.6
03/07/2019,1482.4,4385,1492.4,1510,1470.2
03/06/2019,1486.4,4278,1474.2,1498.9,1460.5
03/05/2019,1465.9,4566,1489,1493,1460
03/04/2019,1485.1,5070,1505.8,1516.8,1469.9
03/01/2019,1506.1,4982,1500.5,1519.4,1482.9
02/28/2019,1501.5,4442,1485.6,1508.2,1478.8
02/27/2019,1523.4,2006,1528.2,1537.4,1496
02/26/2019,1519.7,6946,1507,1525.8,1491.6
02/25/2019,1494.5,6200,1456.7,1507.1,1454.3
02/22/2019,1460.1,5728,1439.5,1464,1437
02/21/2019,1445.1,7825,1458,1470.7,1425.4
02/20/2019,1462.1,7236,1454.8,1479.4,1451.2
02/19/2019,1453.9,8823,1431,1465.8,1406.2
02/15/2019,1407.2,2250,1407.9,1436,1406.2
02/14/2019,1385.9,3767,1372.7,1394.2,1372.1
02/13/2019,1411,N/A,1411,1411,1411
02/12/2019,1375.4,3364,1361.5,1379.9,1355.8
02/11/2019,1395.2,N/A,1395.2,1395.2,1395.2
02/08/2019,1371.2,3657,1357.8,1379.9,1356.1
02/07/2019,1358.1,4086,1343.6,1367.8,1338.9
02/06/2019,1351.6,3585,1348.2,1356,1332
02/05/2019,1341.2,3028,1331.6,1349.5,1327.7
02/04/2019,1330.4,3684,1316.9,1336.4,1306.6
02/01/2019,1313.6,4950,1303.2,1337,1303.2
01/31/2019,1299.9,6152,1321.9,1348,1296
01/30/2019,1316.4,2982,1304.8,1324.1,1297.7
01/29/2019,1303.6,4551,1294.7,1317.1,1284
01/28/2019,1289.3,4642,1319.9,1329,1287.7
01/25/2019,1319.8,5446,1282.3,1327.2,1269.1
01/24/2019,1280.7,4653,1311.2,1314.3,1275.1
01/23/2019,1308.2,2749,1305.1,1319.5,1295
01/22/2019,1306.5,7443,1316.3,1361,1288
01/18/2019,1335.1,2868,1339.5,1361,1307.6
01/17/2019,1348.2,6570,1322,1396.4,1320.2
01/16/2019,1318.5,5235,1280.5,1324.4,1280.5
01/15/2019,1277.1,3505,1284,1296.8,1274.1
01/14/2019,1279.5,N/A,1279.5,1279.5,1279.5
01/11/2019,1278.7,3743,1273.2,1294.3,1273.2
01/10/2019,1273.2,3288,1273.3,1279.8,1260.8
01/09/2019,1269.4,4512,1265.2,1283.8,1264.6
01/08/2019,1261.4,4387,1242,1270,1236.3
01/07/2019,1240.2,3644,1239.7,1249.4,1230.8
01/04/2019,1234.4,6295,1200.6,1249.1,1198.8
01/03/2019,1200.3,2437,1194.3,1204,1192.9
01/02/2019,1198.8,2343,1198.9,1200.9,1190.1
12/31/2018,1197.2,1772,1187.9,1199,1183.6
12/28/2018,1183.4,3260,1197.4,1205.3,1179
12/27/2018,1194.5,2545,1187.3,1198.4,1181.5
12/26/2018,1185.9,1901,1174,1189.1,1174
12/24/2018,1176.1,1870,1158.2,1177.6,1158
12/21/2018,1158.7,4144,1189.9,1191,1155.5
12/20/2018,1191.9,3103,1190.8,1204.1,1177.3
12/19/2018,1201.3,4209,1175.9,1210.2,1173.8
12/18/2018,1179.2,1816,1186.3,1189.2,1173.5
12/17/2018,1182,3512,1169.6,1194.2,1167.9
12/14/2018,1171.6,4298,1192.7,1192.7,1149.2
12/13/2018,1190.7,2484,1191.7,1199,1181.4
12/12/2018,1194.5,2815,1174.3,1195,1174.1
12/11/2018,1177.3,3501,1163.4,1184.9,1161
12/10/2018,1158.7,3027,1170.2,1180,1157
12/07/2018,1170.8,4146,1158.1,1174,1135.8
12/06/2018,1141.9,6218,1182.5,1188.3,1135.8
12/05/2018,1184.4,2746,1181.7,1199,1176.5
12/04/2018,1180.2,5237,1163.1,1189.5,1155.5
12/03/2018,1165.6,5658,1150.2,1178.7,1149
11/30/2018,1144.6,4875,1156,1173.3,1142.9
11/29/2018,1151.4,3757,1157.8,1158.2,1141.3
11/28/2018,1151.9,6297,1128.5,1161.1,1125
11/27/2018,1122.1,3547,1124,1129,1111.1
11/26/2018,1123.9,4815,1099.6,1128.3,1099.6
11/23/2018,1111.5,2562,1128,1133.2,1092.9
11/21/2018,1149.8,20,1149.8,1149.8,1149.8
11/20/2018,1126.1,7092,1145.2,1152.7,1117.4
11/19/2018,1141.3,5812,1154.8,1167.1,1140.5
11/16/2018,1154.6,5625,1139,1168.3,1136.5
11/15/2018,1137.4,8027,1107.9,1161.5,1105
11/14/2018,1110.2,4721,1095.3,1117,1085
11/13/2018,1092.1,4335,1082.9,1098.3,1081.8
11/12/2018,1102.2,N/A,1102.2,1102.2,1102.2
11/09/2018,1097.5,4195,1111.2,1114.3,1092.1
11/08/2018,1116.1,4602,1119.3,1123.4,1098.4
11/07/2018,1120.7,4550,1100.2,1124.3,1098
11/06/2018,1095.3,4914,1120.1,1120.1,1087
11/05/2018,1121.6,4297,1104.9,1124.4,1097.6
11/02/2018,1104.5,5169,1081.3,1110.4,1078.4
11/01/2018,1081.4,4648,1061.1,1087.8,1061.1
10/31/2018,1068.5,4319,1062,1073.8,1054.5
10/30/2018,1055,5273,1076.2,1084.4,1054.5
10/29/2018,1079.3,4533,1090.4,1106.8,1073.3
10/26/2018,1085.9,4241,1087.4,1093.8,1065.3
10/25/2018,1087.6,4305,1112.3,1112.4,1086
10/24/2018,1112.3,3854,1127,1127.3,1108.7
10/23/2018,1122.8,7746,1109.7,1137.3,1104.4
10/22/2018,1107.7,6805,1071,1112,1070.6
10/19/2018,1069.9,3756,1063,1080.7,1062.5
10/18/2018,1064.7,4712,1064,1070.6,1057.5
10/17/2018,1067.6,4441,1073.3,1077,1063.1
10/16/2018,1073.9,3561,1079.3,1082.9,1068.9
10/15/2018,1096.2,N/A,1096.2,1096.2,1096.2
10/12/2018,1060.8,4883,1073.3,1082.9,1059.6
10/11/2018,1075.2,6195,1060.5,1089.5,1059.3
10/10/2018,1067.2,3591,1063.9,1074,1055.2
10/09/2018,1062.1,3335,1068,1077.8,1058.6
10/08/2018,1086.9,N/A,1086.9,1086.9,1086.9
10/05/2018,1057.1,3551,1047.9,1069.3,1043.4
10/04/2018,1045.5,3355,1050.2,1056.9,1041.1
10/03/2018,1053,3882,1045,1058.4,1038.6
10/02/2018,1050.7,4606,1048.2,1058.4,1032.4
10/01/2018,1056.4,5543,1064.5,1066.4,1037
09/28/2018,1072.8,4301,1073.2,1085,1062.1
09/27/2018,1089.2,N/A,1089.2,1089.2,1089.2
09/26/2018,1063.1,3531,1052.2,1065,1047.3
09/25/2018,1053.8,3494,1049.4,1058.5,1041.7
09/24/2018,1051.6,3277,1044,1052.8,1034.7
09/21/2018,1044.9,5209,1042.6,1048.9,1028
09/20/2018,1044.2,5304,1030.3,1047.5,1025.7
09/19/2018,1053.4,2,1038.1,1044.1,1038.1
09/18/2018,1004.8,6164,976.6,1006.2,972.7
09/17/2018,977,2782,967.5,978,966
09/14/2018,970.5,3170,971.8,978.1,965.9
09/13/2018,968.7,2956,965.7,973.6,963.2
09/12/2018,965,3629,964,969.5,957.2
09/11/2018,961.8,3524,963.8,970.7,954
09/10/2018,964.6,4115,965.1,978.3,961.4
09/07/2018,968.8,4596,963,976.4,957.4
09/06/2018,962.1,4351,961.8,974.7,959
09/05/2018,961.2,4964,968,975.9,955.4
09/04/2018,967.5,7818,967.8,975.8,942.1
08/31/2018,969.9,1559,970,971.9,962.5
08/30/2018,960.7,8208,951.3,970,944.5
08/29/2018,954.3,7037,927.2,956.2,927.2
08/28/2018,954.4,N/A,954.4,954.4,954.4
08/27/2018,937.5,4302,921.7,940.6,916.7
08/24/2018,919.2,5189,908.3,935,906.5
08/23/2018,911.2,4491,917.9,919.9,905.2
08/22/2018,918.2,4435,903.2,920.5,900.2
08/21/2018,910,4539,898.7,911.2,898.2
08/20/2018,898.7,4474,886.3,903.5,886.3
08/17/2018,877.8,5850,867.7,892.1,861.6
08/16/2018,874.8,12788,829.6,887.5,815.2
08/15/2018,837.2,13337,889,889.6,823.4
08/14/2018,898,N/A,898,898,898
08/13/2018,880.9,5798,902.4,902.5,877.3
08/10/2018,901.1,3786,899.6,904.4,890.1
08/09/2018,898.4,6025,894.8,901,885.3
08/08/2018,886.4,7468,902.2,907.4,885
08/07/2018,902.9,4671,901.1,915.2,899.6
08/06/2018,903.6,3377,905.5,911,896.6
08/03/2018,907.9,2910,909.8,918.8,904.3
08/02/2018,923.5,N/A,923.5,923.5,923.5
08/01/2018,911.9,5504,929.1,930.4,906
07/31/2018,931.9,3939,924.2,934.3,919.8
07/30/2018,922.5,2770,921.3,929.1,916.9
07/27/2018,918.5,3280,924.9,930,912.8
07/26/2018,941,N/A,941,941,941
07/25/2018,928.3,5279,908,936.8,907
07/24/2018,908.6,4523,908.3,921.4,900.2
07/23/2018,910,N/A,910,910,910
07/20/2018,888.9,6222,866.8,892.8,864.6
07/19/2018,866.2,8900,902.1,905.9,853.3
07/18/2018,901.8,3782,908.4,910,900
07/17/2018,909.2,4951,913.3,923.4,902
07/16/2018,920.9,N/A,920.9,920.9,920.9
07/13/2018,932.8,3216,945.3,946.3,931.4
07/12/2018,948.8,4072,933.6,949.3,930.6
07/11/2018,937,4049,936.3,939.3,928.7
07/10/2018,937.6,3849,955.2,956.5,934.4
07/09/2018,954.7,3345,948,962.8,947.7
07/06/2018,947.6,2872,945.1,948.8,935.2
07/05/2018,942.7,3589,938.1,947.8,935.7
07/03/2018,938,1013,938.1,947.8,936.7
07/02/2018,934.4,3644,944.9,950.9,931.3
06/29/2018,950.9,3552,939.5,952.2,935.7
06/28/2018,930.9,4471,944.3,948.8,927.4
06/27/2018,943.9,5082,952,957.6,935
06/26/2018,954.7,5453,934.4,958.5,925.3
06/25/2018,935.4,4205,951.1,954.3,932.5
06/22/2018,946.4,3937,944.6,956.2,942.3
06/21/2018,945.6,4666,958.9,961.9,943.3
06/20/2018,957.2,3640,963,973.3,955.8
06/19/2018,960.3,5602,985.6,986.7,959
06/18/2018,982.9,3547,981.3,993.9,975.1
06/15/2018,981.8,4568,1003.7,1006.8,980.5
06/14/2018,1006.6,3431,1006.6,1012,996
06/13/2018,1007.2,4185,1016.4,1016.6,990.8
06/12/2018,1015.3,2675,1017.2,1018.7,1012.5
06/11/2018,1016.5,2714,1005.9,1019.8,1003.8
06/08/2018,1005.7,3004,1007.5,1014.4,1000
06/07/2018,1009.6,4773,1013,1026,1005
06/06/2018,1015.2,6467,986.8,1019.3,982.7
06/05/2018,985.7,4525,991,994.7,972.4
06/04/2018,994.3,3699,995.5,1004.4,988.5
06/01/2018,996.6,3596,980.2,998.3,977.7
05/31/2018,981.7,3344,979,984.3,975.5
05/30/2018,975,3766,969.2,979.3,966.3
05/29/2018,971,7035,976.4,983.4,967
05/25/2018,975.7,1081,971.6,977.4,971
05/24/2018,966.1,4027,971.4,975.6,961.3
05/23/2018,971.1,7092,985.1,988.4,961.1
05/22/2018,986.8,5022,987,1000.3,982.7
05/21/2018,990.4,4430,958.5,991.2,958.4
05/18/2018,960.2,3862,973.8,977.5,955.9
05/17/2018,977.5,2608,981.9,984.1,970
05/16/2018,982.5,2593,977.6,984.3,972.6
05/15/2018,983.2,5646,990.8,993.3,954.3
05/14/2018,995.7,2997,985.9,997.4,983.4
05/11/2018,985.2,4555,994.1,1003.7,982.9
05/10/2018,993.9,4386,969.5,997.5,968.8
05/09/2018,970.6,2870,964.5,976.9,961.8
05/08/2018,963.4,2990,965.6,971,959
05/07/2018,962.1,3305,961.6,973.9,960.6
05/04/2018,957.3,2513,956.3,963.2,952
05/03/2018,958.7,3167,955.2,967.6,954.9
05/02/2018,960.15,5745,938.95,966.6,938.65
05/01/2018,936.25,4263,959.85,960.1,934.4
04/30/2018,960.55,3509,964.25,967.95,951
04/27/2018,963,3295,978.6,982.3,962.05
04/26/2018,979.05,4875,970.65,987.6,960.45
04/25/2018,967.5,4613,968.2,971,951.8
04/24/2018,971.65,6163,975.8,980.9,955.75
04/23/2018,979.55,10225,1019.95,1027.1,966.25
04/20/2018,1030.2,4904,1023.3,1032.65,1005.2
04/19/2018,1026.45,7923,1027.6,1047.75,1013.35
04/18/2018,1034.95,9586,1004.9,1037.5,1002.4
04/17/2018,1005,6808,994.45,1007.3,975.2
04/16/2018,1003.75,7143,983.6,1004.45,977.05
04/13/2018,980.95,6369,959.55,984.35,956.8
04/12/2018,959.15,5308,957.5,963.85,936.5
04/11/2018,960.95,6254,945.15,964.3,943.2
04/10/2018,949.75,6862,925.7,954.8,924.6
04/09/2018,932.5,8099,898.5,934,895.85
04/06/2018,895.15,5249,903.5,909.35,890.85
04/05/2018,900.1,6522,923,925.65,896.3
04/04/2018,917.9,5375,928.35,929.15,910
04/03/2018,927.8,6451,930.65,939.5,925.2
04/02/2018,927.5,5541,944.85,952.7,924.3
03/29/2018,943.8,7902,963.55,968.15,934.4
03/28/2018,963.2,4361,967.7,972.65,959.75
03/27/2018,971.8,101,967.7,970.75,967.2
03/26/2018,966.85,4215,971,980.5,965.5
03/23/2018,971.55,3230,977.85,984.35,969
03/22/2018,981.8,4094,984.5,991.35,968
03/21/2018,986.45,4179,976.75,989.7,972.7
03/20/2018,975.9,3472,984.95,989.9,972
03/19/2018,987.4,2847,991.95,994.2,981.9
03/16/2018,988.55,2616,983,992.75,976.75
03/15/2018,981,2998,984.8,989.65,976
03/14/2018,984.75,3375,984.75,1002.1,982.55
03/13/2018,991.6,4430,972.55,993.35,971.05
03/12/2018,967.65,3941,991.3,992.1,966
03/09/2018,986.85,4773,970.8,991.6,963.75
03/08/2018,965.6,4902,962.05,983.9,958
03/07/2018,959.05,4923,980.4,981.45,957
03/06/2018,978.3,3599,978.85,987.8,968.55
03/05/2018,977.5,3443,991.35,994.35,972
03/02/2018,986.65,5675,981.95,992.5,971.35
03/01/2018,973.2,12063,1036.75,1038.05,969.9
02/28/2018,1037.6,3466,1031,1041.9,1030.25
02/27/2018,1029.2,1365,1054.25,1058.05,1032
02/26/2018,1054.45,7565,1040.4,1060.2,1039.6
02/23/2018,1040.4,5008,1033.8,1041.35,1027.6
02/22/2018,1033.5,5870,1016.95,1034.55,1012
02/21/2018,1022.5,7183,1026.85,1029.6,1013.25
02/20/2018,1027.15,7534,1040.15,1044.5,1021
02/16/2018,1035.75,225,1040.15,1043.15,1037.9
02/15/2018,1006.65,5500,996.3,1015.65,996.05
02/14/2018,997.3,6221,978.3,999.75,973.05
02/13/2018,980.7,5568,978,988.75,976.55
02/12/2018,976.15,5006,971.5,985.35,971.5
02/09/2018,963.35,7709,959.55,975,952.5
02/08/2018,962.2,6412,983.85,983.9,955.1
02/07/2018,984.55,7513,1006.85,1011,976
02/06/2018,1002.5,8846,1028.15,1028.15,997.2
02/05/2018,1032.95,4213,1043,1045.85,1023.55
02/02/2018,1044.95,5657,1037.3,1050.25,1032.25
02/01/2018,1024.7,7494,1027.55,1038,1012.35
01/31/2018,1023.55,7817,1052.65,1059.35,1021.9
01/30/2018,1052.45,7693,1082.45,1086.6,1045
01/29/2018,1083.4,2576,1088.7,1088.85,1077
01/26/2018,1085.05,4212,1091.3,1096.75,1076.35
01/25/2018,1097.4,4368,1105.9,1109.35,1088.5
01/24/2018,1106.35,4036,1087.65,1108.15,1087.55
01/23/2018,1084.25,3443,1091.95,1095.85,1082
01/22/2018,1092.3,4781,1102.6,1105.45,1078.3
01/19/2018,1098.4,2478,1095.35,1110.1,1094.7
01/18/2018,1093.3,3277,1109.1,1111.7,1091.35
01/17/2018,1109.7,4166,1089.25,1113.95,1089.2
01/16/2018,1088.15,7252,1122.7,1133,1084.05
01/12/2018,1105.35,269,1118.8,1119.2,1114.75
01/11/2018,1076.25,3780,1080.05,1086.35,1070.8
01/10/2018,1077.4,3549,1095.8,1098.15,1077
01/09/2018,1098.15,2637,1096,1107.8,1093.5
01/08/2018,1095.9,3150,1088.25,1098.35,1084
01/05/2018,1082.2,2771,1093.25,1098,1080.5
01/04/2018,1094.75,3169,1080.65,1101.7,1075.9
01/03/2018,1083.35,2878,1087.2,1089.3,1075.65
01/02/2018,1087.35,4653,1058.2,1090.45,1056.6
12/29/2017,1061,2382,1059.15,1064.2,1047.55
12/28/2017,1063.45,2496,1055.3,1064.5,1047.15
12/27/2017,1056.35,3695,1044,1061,1042.4
12/26/2017,1042.45,2048,1027.6,1046.5,1027.6
12/22/2017,1029.55,1957,1030.85,1034.45,1021.6
12/21/2017,1029.65,2773,1021.65,1031,1019.05
12/20/2017,1024.6,2592,1018,1028.9,1015
12/19/2017,1018.6,1969,1012.9,1019,1010.4
12/18/2017,1012.05,2839,1016.1,1019.85,1006.35
12/15/2017,1015.4,3338,1026.6,1029.5,1012.75
12/14/2017,1028.7,5625,1007.65,1029.85,995.05
12/13/2017,1004.05,2960,1002.75,1008.35,997.35
12/12/2017,1002.35,2648,1000.05,1003.5,991.6
12/11/2017,998.75,2669,998.5,1005.25,993.25
12/08/2017,996.4,3405,1006.15,1009.9,990.45
12/07/2017,1002.95,5796,987.25,1011.9,985
12/06/2017,986.95,4108,977.25,988.5,977.25
12/05/2017,977.15,5971,987.75,995,973.6
12/04/2017,991.75,5013,1014,1017.15,986.5
12/01/2017,1016.25,3637,1003.4,1018.45,1001.5
11/30/2017,1003.55,3928,1009.85,1015.5,1000.6
11/29/2017,1008.5,5014,1022.8,1023.8,1006.5
11/28/2017,1020.65,7091,1001.3,1023.95,994.8
11/27/2017,1000.5,5479,993.7,1002,986.15
11/24/2017,992.75,4037,999.85,1008,991.45
11/22/2017,1000.05,56,999.85,1001.85,997.2
11/21/2017,996.5,7667,987.35,999,983.8
11/20/2017,986.1,7152,990.45,998.25,982.75
11/17/2017,992.9,5266,986.4,995.45,985.7
11/16/2017,984.85,3827,984.85,988.65,978.5
11/15/2017,985.1,7795,986.1,989.3,973.55
11/14/2017,985.55,4992,989.75,997.25,973.25
11/13/2017,989.7,3116,993.15,1001.45,986.95
11/10/2017,993.1,3882,1008.8,1010.8,991.5
11/09/2017,1004.4,134,1008.8,1010.75,1005.25
11/08/2017,1015.8,4863,993,1017.35,992.1
11/07/2017,994.1,3212,998.15,1000,990.65
11/06/2017,995.1,2982,995.6,1003.1,990.3
11/03/2017,991.5,3456,992.7,999.95,986.95
11/02/2017,994,3970,1001.55,1003.8,985.35
11/01/2017,998.15,4735,978.75,1004,977.85
10/31/2017,979.15,3717,961.55,979.8,961.45
10/30/2017,962.65,2818,966,971.8,959.8
10/27/2017,958.25,3154,966.2,967.2,956.35
10/26/2017,968.1,2306,957.4,969.25,956.75
10/25/2017,958.1,2711,961.9,968,948.35
10/24/2017,961.2,2717,953,963.35,950.7
10/23/2017,949.95,3110,973.15,973.15,948.45
10/20/2017,969.85,3287,957.25,974,956.05
10/19/2017,952.8,4089,953.1,962.35,943.1
10/18/2017,952.95,4111,977.8,985.75,950
10/17/2017,975.95,3547,970.35,987,969.4
10/16/2017,976.3,6160,983.25,1005,966.75
10/13/2017,985.5,3786,971.95,993.75,969.75
10/12/2017,973.7,5552,959.7,984.75,955.55
10/11/2017,958.95,4718,935,962,933.25
10/10/2017,933.65,2819,929,939.5,928
10/09/2017,928,2255,919.45,929.8,918.55
10/06/2017,919,4348,939.1,943.8,916.7
10/05/2017,936.5,3284,923.2,942.6,920.65
10/04/2017,919.65,1976,916.2,925.25,914.1
10/03/2017,916.9,3284,909.8,919.45,904.3
10/02/2017,911.3,4375,936,938.8,906.35
09/29/2017,936.85,3009,930.3,938.9,928
09/28/2017,927.85,3118,927.9,937.15,924.1
09/27/2017,925.5,3580,914.45,932.5,908.55
09/26/2017,914.45,2324,910.35,917.65,907.65
09/25/2017,909.7,2416,917.45,923.75,907
09/22/2017,919.85,2502,911.2,922.15,906.2
09/21/2017,911.55,3234,911.75,918.4,904.15
09/20/2017,910.15,4505,906.75,913.45,898.1
09/19/2017,904.3,4627,932.3,935,902.45
09/18/2017,930.45,2716,917,934.8,917
09/15/2017,921.75,2744,921.8,926.5,912.3
09/14/2017,914.3,4300,933,940,911.35
09/13/2017,933.7,2400,949.75,950,931.65
09/12/2017,943.4,3360,930.15,953,929.1
09/11/2017,931.65,3223,928.5,950,928
09/08/2017,931.25,4303,951.45,961.1,928.85
09/07/2017,948.85,3775,934.75,954.35,931.8
09/06/2017,931.9,4972,955.55,963.95,930.15
09/05/2017,957,6999,978.8,997.5,952
09/01/2017,977.1,328,978.8,991.35,977.15
08/31/2017,932.25,2727,928.05,935.95,925.55
08/30/2017,931.05,4309,941.9,944.35,926.75
08/29/2017,943.7,5592,934.25,947,932.9
08/28/2017,932.35,6443,924.85,936.1,923.5
08/25/2017,926.45,8598,936.6,943.75,929
08/24/2017,936.15,7329,936.3,939.5,932.2
08/23/2017,933,5505,931.45,939.5,928.35
08/22/2017,932.35,5263,939.7,941.2,930.6
08/21/2017,939,5167,925.9,942.55,922.8
08/18/2017,927.1,3487,921.3,935.4,921.3
08/17/2017,926.15,7234,917.55,932,917.2
08/16/2017,910.2,6003,888.05,917.2,885.9
08/15/2017,892.05,4349,896.75,898,878.85
08/14/2017,898.15,2454,894.6,900.95,892.75
08/11/2017,894.7,3169,898.4,901.4,892.1
08/10/2017,897.05,3543,891.3,905,890.4
08/09/2017,891.85,2842,898.35,898.75,888.6
08/08/2017,898.4,4206,885.6,899.25,883
08/07/2017,885.2,3793,875.15,886.45,865.45
08/04/2017,874.8,4255,883.35,886.5,873.65
08/03/2017,881,4587,893.35,894.95,879.2
08/02/2017,892.2,4361,888.65,903.5,888.45
08/01/2017,893.4,5065,884.55,899.35,881.55
07/31/2017,885.4,5226,881.6,897.35,877.1
07/28/2017,880.15,3098,875.7,882.25,868.25
07/27/2017,876.9,5262,867.25,885,865.75
07/26/2017,862.9,3965,857.2,868.2,850.65
07/25/2017,856.95,4227,850.35,864.35,849.05
07/24/2017,849.05,2946,843.95,851.4,837.85
07/21/2017,844.35,2728,845.65,855,840.25
07/20/2017,847.6,5295,857.5,857.9,833.55
07/19/2017,859.15,2666,864.5,871.5,858.1
07/18/2017,864.4,2602,864.05,868.3,860.3
07/17/2017,865.55,2500,857,866.95,851.15
07/14/2017,856.75,3026,854.55,867.15,854.2
07/13/2017,854.75,3385,861.7,870.75,851.1
07/12/2017,861.55,3682,848.25,865.7,848.25
07/11/2017,846.85,3567,839,851.45,832.25
07/10/2017,837.35,3845,835.35,839.15,826
07/07/2017,831.25,3687,832.8,838,824.3
07/06/2017,832.2,3401,836.5,843.25,827.5
07/05/2017,834.4,5847,843.2,857.95,830.85
07/03/2017,842.4,443,843.2,857.95,842.4
06/30/2017,836.65,4694,847.05,847.9,832.65
06/29/2017,846.1,3321,855.2,860.95,843.55
06/28/2017,854.6,2433,855.85,863.7,851.4
06/27/2017,858.35,2885,865.2,867.2,854.35
06/26/2017,863.95,4791,852.95,865.5,845.4
06/23/2017,856.65,6018,880.05,889.95,852.55
06/22/2017,880.5,3244,881.65,887,874.8
06/21/2017,876.45,4200,865.15,882.35,860.7
06/20/2017,867.15,3536,856,869.95,852.75
06/19/2017,855.6,2784,863.6,868.35,852.5
06/16/2017,865.65,2997,862.85,870.45,858.3
06/15/2017,857.95,4903,857.75,864.05,845.1
06/14/2017,853.8,6097,858.9,871.25,847.55
06/13/2017,857.55,4096,873.6,876.35,855.4
06/12/2017,864.25,4182,858.9,879.1,857.1
06/09/2017,856.2,10163,848.3,891.35,840.25
06/08/2017,846.5,7121,826.95,851.25,826.75
06/07/2017,828.2,7482,825.5,853.25,823.75
06/06/2017,848.4,5187,839.1,853,837.3
06/05/2017,841.85,5037,839.35,844.7,833.6
06/02/2017,834.05,6931,823.2,839.85,821.1
06/01/2017,823.1,6130,817.25,825.9,809.05
05/31/2017,815.95,6798,802.95,819.55,801.55
05/30/2017,802.65,7310,796.95,805,788.45
05/26/2017,786.7,226,769.25,792.45,765.45
05/25/2017,768.5,4267,764,769.9,760
05/24/2017,761.65,7663,772.35,772.8,756.25
05/23/2017,772.35,9498,767.9,776.8,765.8
05/22/2017,759.1,6416,759.4,771.4,748.5
05/19/2017,760.7,6223,760.6,766.7,755.75
05/18/2017,765.45,8547,783.25,783.7,755.65
05/17/2017,777,8389,794.1,799,776.1
05/16/2017,792,8233,795.75,807.85,785.85
05/15/2017,797,6280,805.25,818.5,794.45
05/12/2017,803.5,3390,801.4,807.6,801
05/11/2017,798.95,4492,795.1,809.1,792.65
05/10/2017,799.35,3586,796.6,803.95,791.4
05/09/2017,793.6,5335,807.55,809.6,790.9
05/08/2017,805.55,4557,810.1,817.95,802.25
05/05/2017,813.05,5141,801.4,815,799.05
05/04/2017,800.65,6484,797,804.7,785.65
05/03/2017,799.3,6612,816.5,823.7,794
05/02/2017,813.6,3561,814.75,818.6,810.5
05/01/2017,814.45,2982,826.9,828.6,813.6
04/28/2017,826.7,5883,813.5,830.35,813.05
04/27/2017,813,5314,807.7,815.8,800.2
04/26/2017,805.15,3812,797.3,809.6,796.5
04/25/2017,796.65,3287,794.05,799.3,788.5
04/24/2017,795.45,3148,789.75,800.1,789.15
04/21/2017,790.75,4498,801.9,805.35,788.6
04/20/2017,802.9,7731,774.35,803.6,774
04/19/2017,775.6,4925,771.2,777.1,770.4
04/18/2017,771,8353,788.5,792.3,768.55
04/17/2017,788.55,3207,793.75,798,786.6
04/13/2017,795.9,4331,799.95,809.85,791.2
04/12/2017,796.3,4756,805.05,806.7,789.1
04/11/2017,803.1,4878,787.55,806.95,787.1
04/10/2017,790,4436,801.45,802.4,786.5
04/07/2017,803.7,3720,805.2,813.2,798.55
04/06/2017,804.1,4161,808,812.35,796
04/05/2017,807.75,4308,807.7,816.45,801.8
04/04/2017,806.95,3520,802.1,810.35,801.9
04/03/2017,802.55,3226,797.75,805.7,795
03/31/2017,798.15,2713,792.8,801.95,791.6
03/30/2017,797.5,3254,790.5,804.95,786.7
03/29/2017,790.2,2553,790.8,796,785
03/28/2017,792.6,3482,794,797.95,785.05
03/27/2017,794.45,5070,811.9,812.65,793.55
03/24/2017,813.35,4079,802,815.8,799.2
03/23/2017,800.15,5136,788.05,809.95,786.9
03/22/2017,789.45,3645,786.85,795.2,781.75
03/21/2017,787.65,4538,781.85,793.8,777.4
03/20/2017,781.65,2761,776.95,785.65,772.65
03/17/2017,775.8,3321,765.7,779.95,764.5
03/16/2017,766.65,4782,761.4,775.85,760.8
03/15/2017,745.45,4348,742.5,766.5,741.4
03/14/2017,741.7,2629,752.9,754.5,740.7
03/13/2017,754.45,2889,748.8,758,746.15
03/10/2017,745.15,4521,746.65,753.75,741.8
03/09/2017,748.05,7235,769.4,771.65,746.95
03/08/2017,770.4,4142,771.9,774.75,765.5
03/07/2017,775,4937,774.25,777.9,763.1
03/06/2017,773.15,3532,770.75,778.55,765.65
03/03/2017,767.7,4452,767.5,775.15,754.5
03/02/2017,769.75,3418,776.25,777.2,766.1
03/01/2017,779,4699,771.2,783.9,769.05
02/28/2017,771.7,3916,782.95,786.75,768.05
02/27/2017,785,5689,772.75,789.7,769.05
02/24/2017,772.95,5825,773.5,786.8,770.4
02/23/2017,774.6,6372,771.1,780.8,763.3
02/22/2017,770.2,4105,781.9,786,766.2
02/21/2017,780.15,6346,779.7,783.15,764.4
02/17/2017,780.55,92,792.65,794.95,774.6
02/16/2017,793.3,3435,788.55,795.85,786.8
02/15/2017,786.2,5194,782.45,791.45,776.8
02/14/2017,780.9,3648,775,784.9,773.65
02/13/2017,774.95,5078,784.6,787.8,772.65
02/10/2017,783.1,4370,769.05,786.7,764.25
02/09/2017,772.55,3745,770.6,778.8,768
02/08/2017,769.75,3899,762.9,773.65,758.95
02/07/2017,764.45,3883,772.9,774.1,754.8
02/06/2017,774.3,3944,749,775,745.4
02/03/2017,749,3599,758.5,760.95,741.2
02/02/2017,759.05,3472,764.45,770.9,757.55
02/01/2017,762.9,3935,756,767.5,754
01/31/2017,754.3,3903,739.6,759,738.9
01/30/2017,738.45,2558,740.65,743.7,726.1
01/27/2017,738.6,4500,723.5,744.4,711.7
01/26/2017,724.45,8068,732.45,744.5,713.75
01/25/2017,736.1,9872,789.85,791.45,730.6
01/24/2017,795.85,4059,778.8,798,773.25
01/23/2017,771.5,6560,788.5,797.5,770.1
01/20/2017,788.4,8508,754,794.15,751
01/19/2017,751.15,3066,749.35,755.5,744.35
01/18/2017,751,3230,750.9,754.25,742.75
01/17/2017,753,4879,745.05,760.5,737.45
01/13/2017,749.15,160,759.95,754.6,749.5
01/12/2017,765.25,3740,756.9,766,753.3
01/11/2017,753.9,4539,766.15,767.35,744.25
01/10/2017,765.25,3160,760.2,766.3,756.6
01/09/2017,757.15,4107,756.4,768.95,754.55
01/06/2017,758.35,5238,739.8,759.8,735.55
01/05/2017,738.2,8010,739,750,727.55
01/04/2017,738.8,4663,711.15,744.15,708.3
01/03/2017,709.9,5996,679.8,719.5,678.15
12/30/2016,683.25,2978,673.7,687.8,670.2
12/29/2016,675.65,2022,668.9,676.5,667.5
12/28/2016,666.85,3676,671.5,679.15,665.5
12/27/2016,673.8,2752,660,678.5,657.55
12/23/2016,654.85,2351,656.5,660.35,653.7
12/22/2016,654.85,2351,656.5,660.35,653.7
12/21/2016,659.9,3734,665.9,668.2,655.8
12/20/2016,670.85,5005,677.1,680.8,663.45
12/19/2016,678.7,4205,692.1,698.1,675.8
12/16/2016,697.25,7290,702,704.7,680.25
12/15/2016,705.65,5362,721.75,729.9,696.95
12/14/2016,732.55,2770,730.4,734.2,721.55
12/13/2016,730.6,2536,722.55,734.95,722.55
12/12/2016,727.55,3239,734.45,737.75,722
12/09/2016,735.05,3387,738.95,749.15,728.5
12/08/2016,739.05,5465,734.65,745.95,716.3
12/07/2016,732.65,3313,736.9,739.5,728.4
12/06/2016,734.4,4274,745.9,755,732.6
12/05/2016,746.05,4941,743.45,752.2,727.2
12/02/2016,745.5,5358,753.65,758,737.2
12/01/2016,751.7,6465,770.95,776,746.95
11/30/2016,772.65,4756,764,775.75,762.55
11/29/2016,765.25,5099,759.1,767.65,755.05
11/28/2016,758,7141,745.7,762,742.55
11/25/2016,742.9,5112,736.2,746.5,725.5
11/23/2016,738.55,96,736.2,736.2,729.8
11/22/2016,744.25,8635,727.25,748.9,726.25
11/21/2016,726.55,5986,727.05,732.25,721.65
11/18/2016,727.8,8957,729.3,729.3,702.8
11/17/2016,729.65,6250,716.25,734.1,711.35
11/16/2016,718.8,7464,704,719.55,690.1
11/15/2016,705.95,8235,696.1,706.95,688.8
11/14/2016,697.7,7604,674.1,699.95,667.1
11/11/2016,684.7,9141,689,697.85,669.95
11/10/2016,696.5,8217,679.9,698.65,674.5
11/09/2016,681.45,7109,664.2,684.65,652
11/08/2016,665.5,6868,651.85,670,644.15
11/07/2016,656.4,7902,628.9,657.55,617.15
11/04/2016,624.8,5010,617.05,634.95,617
11/03/2016,617.6,4840,627.5,632.35,616.95
11/02/2016,634.5,3310,634.1,636.4,627.4
11/01/2016,634.1,6159,620.15,636.85,618.9
10/31/2016,618,4794,622.05,624.55,610.55
10/28/2016,616.35,4742,612.75,623.55,611
10/27/2016,613.2,5373,621.5,626.35,611.15
10/26/2016,620.95,5122,634.5,639.6,618.2
10/25/2016,634.85,4032,634.6,643.3,633.25
10/24/2016,630.75,4635,620.4,634.25,616.2
10/21/2016,620.75,4804,632.35,632.55,615.1
10/20/2016,632.85,4141,636,641.1,626.3
10/19/2016,635.5,4047,637.1,645.5,634.7
10/18/2016,639.4,4298,638.5,647.8,636.65
10/17/2016,637.8,3813,646.5,655.25,634.55
10/14/2016,648.3,4652,638.5,650,632
10/13/2016,636.85,5252,648.75,649.75,635
10/12/2016,649.1,4822,648.1,656.5,645.75
10/11/2016,648.15,7252,669,672.5,646.4
10/10/2016,668.55,3690,667.65,677.5,662.5
10/07/2016,667.4,5407,669.85,679.65,662.1
10/06/2016,666.15,6529,677.3,683.85,661.5
10/05/2016,675.6,6734,698.05,702.6,675
10/04/2016,699.55,4858,714.65,714.95,696.5
10/03/2016,711.8,4361,722,727.95,707
09/30/2016,721.5,4332,716.8,728,714.55
09/29/2016,719.5,4524,713.75,723.5,710
09/28/2016,714.4,5244,702,717.5,699.5
09/27/2016,701.05,4271,695.85,703.35,691.6
09/26/2016,696.15,3201,700.9,702.4,688
09/23/2016,706.4,3868,694.15,706.9,691.15
09/22/2016,700.45,3996,684.2,701.75,684.2
09/21/2016,683.9,3396,684.65,696,676.85
09/20/2016,683.5,3102,685.1,691.5,679
09/19/2016,686.25,4684,672.4,695,671.25
09/16/2016,672.4,4601,657.85,679,651.5
09/15/2016,656.6,3138,656.8,662.2,652.5
09/14/2016,656.5,3136,654.4,663.6,652.5
09/13/2016,656.1,4233,663.95,669,651.5
09/12/2016,656.7,5897,674.35,677.5,653.1
09/09/2016,679.45,3334,683.3,694.5,674.25
09/08/2016,687.85,2715,690.95,698.15,682.8
09/07/2016,688.35,3596,698.7,712,687.5
09/06/2016,688.35,4843,679.7,701.85,675.2
09/02/2016,700.65,112,665.15,679.75,665.05
09/01/2016,661.7,4712,671.05,677.35,657.7
08/31/2016,668.7,4091,683.4,687.7,668.3
08/30/2016,677.95,6059,697.5,699.75,674.65
08/29/2016,697.3,4867,686.5,698.4,682.7
08/26/2016,692.15,5709,688.95,702.9,682.05
08/25/2016,685,4509,681.15,689.5,679.5
08/24/2016,682.5,7301,698.8,701.55,678.85
08/23/2016,699.85,5407,692.15,703.2,683.15
08/22/2016,692.15,6685,709.45,711.45,690.65
08/19/2016,709.35,3900,712.15,712.15,704.6
08/18/2016,713.4,5178,695.45,718.85,695.45
08/17/2016,691.7,4423,702.95,703,687
08/16/2016,705.1,3812,694.1,706.85,690.2
08/15/2016,692.25,2962,682.7,696.2,682.7
08/12/2016,690.8,4317,688.4,700.25,681.8
08/11/2016,691.8,6430,725.85,727.85,690.55
08/10/2016,726.4,8800,694.55,747.5,694.55
08/09/2016,694.35,3351,692.5,697.6,686.5
08/08/2016,693.3,3859,697.15,700.95,688.6
08/05/2016,696.3,5397,704.05,707.95,690.05
08/04/2016,706,4883,710.7,714.95,698.85
08/03/2016,713.85,5181,718.1,718.1,705
08/02/2016,717.7,4488,717.7,724.7,713.9
08/01/2016,716.25,4167,712.25,724.55,706
07/29/2016,709.75,5886,698.1,715.9,692.25
07/28/2016,698.65,4131,703.5,709.9,696.8
07/27/2016,703.9,5415,691.3,707.9,686.75
07/26/2016,692.8,4282,687.9,695.95,682.6
07/25/2016,688.75,4384,685.75,689.85,675.8
07/22/2016,686.05,3790,686.5,688.85,680.8
07/21/2016,685.45,5224,672.05,687.45,668.15
07/20/2016,676,5949,656.55,677.2,648.3
07/19/2016,656.4,4034,645.3,659.65,641.5
07/18/2016,646.05,3648,649.45,649.45,632.55
07/15/2016,647.4,3672,650.2,654.2,640.5
07/14/2016,647.4,5011,646.1,652.8,636.65
07/13/2016,651.1,6618,643.8,648.75,623.75
07/12/2016,628.95,4739,626.9,631.4,613.25
07/11/2016,625.75,4000,619.6,627.6,615.6
07/08/2016,617.1,4464,611.1,620.5,600
07/07/2016,612.35,3570,608.4,613.05,600
07/06/2016,607.55,4213,603.15,611,591.2
07/05/2016,602.65,6697,605.65,617.4,590.6
07/04/2016,605.65,N/A,605.65,605.65,605.65
