Country Name,2011,2012,2013,2014,2015,2016,2017,2018,2019,2020
Aruba,24985.01392,24712.49326,26441.61994,26893.01151,28396.90842,28452.17061,29350.80502,30253.27936,,
Africa Eastern and Southern,1682.29,1667.99,1648.87,1654.31,1503.86,1401.28,1536.21,1530.16,1481.43,1326.66
Afghanistan,591.16,641.87,637.17,613.86,578.47,509.22,519.89,493.76,507.1,508.81
Africa Western and Central,1827.52,1936.39,2123.39,2166.74,1886.25,1666.42,1606.98,1695.96,1772.34,1714.43
Angola,4615.47,5100.1,5254.88,5408.41,4166.98,3506.07,4095.81,3289.64,2809.63,1895.77
Albania,4437.14,4247.63,4413.06,4578.63,3952.8,4124.06,4531.02,5284.38,5355.85,5215.28
Andorra,43334.81,38686.46,39540.72,41303.93,35770.78,37475.64,38964.9,41791.97,40897.33,
Arab World,6870.1,7455.04,7505.17,7436.58,6346.03,6093.33,6095.66,6568.98,6570.17,5802.1
United Arab Emirates,39194.67,40976.49,42412.64,43751.81,38663.4,38141.87,40644.79,43839.32,43103.34,
Argentina,12848.86,13082.66,13080.25,12334.8,13789.06,12790.24,14613.04,11633.5,9912.28,8441.92
Armenia,3525.81,3681.84,3838.17,3986.23,3607.29,3591.83,3914.53,4220.54,4622.74,4267.45
American Samoa,10223.3,11496.52,11450.72,11525.16,12059.64,12038.25,11003.83,11557.67,11534.57,
Antigua and Barbuda,12746.63,13272.73,12910.59,13501.58,14285.33,15198.74,15383.58,16673.44,17113.35,14450
Australia,62517.83,68012.15,68150.11,62510.79,56755.72,49971.13,54027.97,57354.96,55057.2,51812.15
Austria,51442.28,48564.92,50731.13,51786.38,44195.82,45307.59,47426.51,51478.29,50121.55,48105.36
Azerbaijan,7189.69,7496.29,7875.76,7891.31,5500.31,3880.74,4147.09,4739.84,4805.75,4214.31
Burundi,249.58,252.36,256.98,274.86,305.55,282.19,293,271.75,261.25,274.01
Belgium,47410.57,44670.56,46757.95,47764.07,41008.3,42012.62,44198.48,47577.98,46414.44,44594.38
Benin,1130.27,1145.14,1251.21,1291.41,1076.8,1087.29,1136.59,1240.83,1219.52,1291.04
Burkina Faso,751.17,758,787.47,792.85,653.33,688.25,735,813.1,786.9,830.93
Bangladesh,861.76,883.12,981.86,1118.87,1248.45,1401.56,1563.77,1698.13,1855.69,1968.79
Bulgaria,7809.43,7395.85,7655.13,7876.87,7055.94,7548.86,8334.08,9427.73,9828.15,9975.78
Bahrain,22514.2,23654.37,24744.3,24989.44,22634.09,22608.45,23742.94,23991.04,23443.43,
"Bahamas, The",28005.91,29485.86,28784.02,29980.71,31295.56,31563.31,32719.67,33767.94,34863.38,28607.9
Bosnia and Herzegovina,5092.55,4778.64,5131.4,5329.63,4727.28,4994.69,5394.58,6072.18,6120.11,6031.56
Belarus,6519.23,6940.16,7978.87,8318.51,5949.11,5022.63,5761.75,6330.08,6839.1,6411.23
Belize,4423.5,4505.6,4568.64,4718.44,4770.23,4856.97,4945.86,5001.42,5078.81,4435.62
Bermuda,97774.16,98431.87,99471.64,98467.68,102005.63,106885.88,111820.58,113023.19,117098.45,
Bolivia,2346.34,2609.88,2908.2,3081.88,3035.97,3076.66,3351.12,3548.59,3552.07,3143.05
Brazil,13245.61,12370.02,12300.32,12112.59,8814,8710.1,9928.64,9151.45,8897.49,6796.84
Barbados,16458.35,16249.67,16451.28,16489.07,16524.9,16900.05,17391.67,17745.26,18148.5,15191.16
Brunei Darussalam,47055.96,47739.56,44740.86,41725.87,31164.04,27158.41,28571.61,31628.48,31085.96,27466.34
Bhutan,2563.26,2538.95,2472.72,2652.23,2752.63,2930.57,3286.6,3243.48,3316.17,3122.38
Botswana,7617.31,7050.57,7224.91,7780.63,6799.87,7243.93,7893.42,8279.82,7970.8,6710.99
Central African Republic,551.75,565.8,380.3,424.45,377.42,402.19,450.9,475.95,467.91,476.85
Canada,52223.7,52669.09,52635.17,50956,43596.14,42315.6,45129.36,46453.9,46326.67,43241.62
Central Europe and the Baltics,13731.65,12836.38,13518.64,13823.43,12514.07,12823.89,14244.19,16036.04,16294.38,16082.46
Switzerland,91254.03,86547.67,88109.49,89684.71,84776.14,83073.28,83352.09,86429.5,85300.35,86601.56
Chile,14637.23,15351.54,15842.94,14670.99,13574.17,13753.59,14998.82,15888.14,14741.71,13231.7
China,5618.13,6316.92,7050.65,7678.6,8066.94,8147.94,8879.44,9976.68,10216.63,10500.4
Cote d'Ivoire,1208.58,1243.27,1415.87,1561.46,1972.55,2013.38,2111.03,2314.05,2276.33,2325.72
Cameroon,1405.09,1354.55,1465.64,1542.62,1327.5,1364.33,1425.11,1534.49,1507.45,1499.37
"Congo, Dem. Rep.",387.08,424.6,457.96,486.79,497.32,471.32,467.07,557.06,580.72,556.81
"Congo, Rep.",3557.56,3923.09,3883.75,3776.49,2447.54,2039.45,2173.68,2601.41,2359.18,1972.55
Colombia,7335.17,8050.26,8218.35,8114.34,6175.88,5870.78,6376.71,6729.58,6424.98,5332.77
Comoros,1447.95,1403.36,1505.34,1513.83,1242.59,1273.05,1323.81,1415.96,1370.14,1402.6
Cabo Verde,3740.37,3447.48,3616.04,3588.63,3043.03,3131,3292.63,3617.35,3603.78,3064.27
Costa Rica,9229.83,10075,10744.09,10847.17,11642.78,12011.22,12225.57,12468.58,12669.71,12076.81
Caribbean small states,9920.91,10187.3,10306.89,10377.11,10116.52,9560.19,9810.47,10250.43,10355.41,9192.77
Cuba,6139.72,6497.31,6837.71,7133.34,7694.01,8060.8,8541.21,8824.19,9099.67,
Curacao,20146.39,20587.4,20462.72,20258.01,19951.33,19555.37,19457.53,19630.89,19701.27,
Cayman Islands,72329.66,72777.15,73514.67,74990.43,76284.19,78471.63,81513.16,86059.74,91392.64,
Cyprus,32396.39,28912.16,27729.19,27163.33,23408.34,24605.92,26444.07,29089.47,28288.46,26623.8
Czech Republic,21871.27,19870.8,20133.17,19890.92,17829.7,18575.23,20636.2,23419.74,23490.4,22762.2
Germany,46705.9,43855.85,46298.92,48023.87,41103.26,42136.12,44552.82,47810.51,46467.52,45723.64
Djibouti,1451.55,1559.24,2312.72,2464.3,2658.96,2802.18,2914.37,3141.88,3414.94,3425.5
Dominica,7065.46,6849.46,7016.38,7317.49,7597.29,8080.97,7274.52,7693.77,8002,6526.79
Denmark,61753.65,58507.51,61191.19,62548.98,53254.86,54664,57610.1,61598.54,60213.09,60908.84
Dominican Republic,5913.43,6110.37,6238.13,6608.83,6921.52,7280.88,7609.35,8050.64,8282.12,7268.2
Algeria,5455.68,5592.22,5499.59,5493.06,4177.89,3946.45,4109.7,4153.96,3975.51,3310.39
East Asia & Pacific (excluding high income),4855.67,5375.53,5890.47,6303.52,6519.04,6609.48,7172.7,7968.09,8194.27,8291.75
Early-demographic dividend,3255.83,3365.32,3378.6,3447.1,3301.14,3333.15,3554.53,3526.98,3581.13,3254.97
East Asia & Pacific,8860.4,9418.02,9465.44,9698.35,9592.8,9857.24,10468.34,11317.4,11499.63,
Europe & Central Asia (excluding high income),9601.43,10121.83,10689.04,9916.76,7546.23,7177.77,8018.71,8206.6,8337.86,7656.59
Europe & Central Asia,26137.8,25076.29,26083.7,26315.98,22588.12,22413.8,23651.46,25229.23,24791.44,23780.38
Ecuador,5200.56,5682.05,6056.33,6377.09,6124.49,6060.09,6213.5,6295.93,6222.52,5600.39
"Egypt, Arab Rep.",2791.81,3229.69,3262.66,3379.56,3562.93,3519.87,2444.29,2537.13,3019.09,3547.87
Euro area,40597,37531.87,39052.1,39805.35,34380.89,35161.56,37136.95,40017.04,39042.5,37712.12
Spain,31677.9,28322.81,29067.81,29500.79,25742.37,26523.35,28170.17,30389.36,29564.74,27057.16
Estonia,17647.14,17533.42,19179.55,20394.23,17529.28,18449.78,20458.46,23170.71,23717.8,23312.28
Ethiopia,354.48,467.08,499.53,566.93,640.54,717.12,768.52,771.52,855.76,936.34
European Union,35707.57,33107.29,34523.3,35201.73,30477.34,31182.79,33078.45,35718.6,34960.02,33927.72
Fragile and conflict affected situations,2181.31,2450.64,2517.43,2672.32,2316.15,2057.05,2043.62,2140.8,2221.61,1935.09
Finland,51148.93,47708.06,49892.22,50327.24,42801.91,43814.03,46412.14,50037.73,48711.56,49041.34
Fiji,4371.45,4591.58,4840.73,5605.61,5390.71,5651.27,6101.02,6317.44,6175.87,4881.53
France,43848.11,40872.36,42605.04,43068.55,36652.92,37062.53,38781.05,41546.7,40380.1,38625.07
Faroe Islands,52092.6,49459.72,54843.32,59433.83,52400.3,56854.1,59993.09,62918.15,64225.26,
"Micronesia, Fed. Sts.",3009.26,3131.39,2994.79,2971.51,2906.62,3014.7,3289.64,3568.29,3585.42,
Gabon,10809.68,9813.51,9683.58,9663.42,7384.7,6984.42,7230.43,7956.63,7767.02,7005.88
United Kingdom,42047.61,42449.11,43401.31,47452.2,45039.24,41048.35,40306.07,42995.68,42354.41,40284.64
Georgia,4021.74,4421.82,4623.75,4739.19,4014.19,4062.17,4357,4722.79,4697.98,4278.86
Ghana,1549.46,1587.56,2361.09,1899.67,1705.58,1913.47,2020.68,2194.23,2210.36,2328.53
Guinea,651.14,717.05,769,787.24,769.26,732.29,855.58,955.11,1058.14,1194.04
"Gambia, The",762.76,742.78,700.52,607.43,660.72,690.78,679.76,732.72,777.82,787.01
Guinea-Bissau,703.66,616.38,634.66,623.31,603.4,661.46,738.55,802.77,749.45,727.52
Equatorial Guinea,21641.69,21711.15,20390.74,19394.08,11283.4,9250.32,9667.86,10005.62,8419.93,7143.24
Greece,25483.88,21913.94,21755.34,21630.55,18057.36,17897.54,18608.19,19775.65,19150.79,17676.19
Grenada,7291.74,7444.09,7789.63,8370.04,9096.54,9628.17,10152.83,10486.38,10815.91,9680.18
Greenland,47186.98,45936.77,47535.59,50484.93,44536.4,48181.87,50321.37,54470.96,,
Guatemala,3228.05,3355.04,3522.77,3779.64,3994.64,4173.3,4454.05,4478.42,4638.63,4603.34
Guam,31210.47,32908.31,33656.45,34843.21,35829.25,36214.01,36601.92,36502.38,37723.78,
Guyana,4908.57,5378.81,5489.14,5407.15,5576.83,5811.4,6124.95,6145.82,6609.51,6955.94
High income,42260.25,42042.25,42307.57,42976.57,40397.86,41023.05,42685.23,45117.24,45297.72,43833.93
"Hong Kong SAR, China",35142.49,36730.88,38403.78,40315.29,42431.89,43731.11,46165.86,48542.68,48354.47,46323.86
Honduras,2088.32,2144.34,2102.59,2206.05,2302.2,2342.58,2453.73,2510.32,2574.36,2405.73
Heavily indebted poor countries (HIPC),852.37,872.44,945,970.91,927.12,909.51,944.46,979.89,984.82,973.27
Croatia,14609.52,13258.36,13674.42,13599.41,11781.73,12361.48,13451.62,15014.09,14944.36,13828.47
Haiti,1287.95,1337.34,1393.96,1402.1,1389.12,1265.99,1294.24,1435.35,1272.49,1176.76
Hungary,14216.17,12950.69,13687.51,14267.01,12706.89,13090.51,14605.85,16411.44,16733.32,15899.15
IBRD only,5288.46,5567.75,5824.77,5965.71,5579.99,5572.72,6094.72,6415.15,6510.73,6187.69
IDA & IBRD total,4312.47,4529.5,4737.41,4848.12,4536.06,4505.6,4889.87,5127.06,5192.13,4929.86
IDA total,1190.09,1249.63,1347.17,1408.98,1366.15,1305.68,1321.43,1364.11,1396.32,1364.16
IDA blend,1721.45,1859.74,1972.6,2068.87,1949.18,1773.84,1712.65,1747.51,1758.04,1664.26
Indonesia,3643.05,3694.36,3623.93,3491.64,3331.7,3562.82,3837.58,3893.86,4135.2,3869.59
IDA only,915.62,932.24,1022.15,1065.28,1063.64,1065.85,1124.56,1172.23,1217.41,1219.78
Isle of Man,77349.23,79148.33,83357.13,92334.65,85126.97,82197.13,83477.83,89112.67,,
India,1458.1,1443.88,1449.61,1573.89,1605.61,1732.55,1980.67,1996.92,2100.75,1900.71
Ireland,51954.5,48911.82,51591.94,55661,62025.06,63036.54,70587.48,79336.47,80778.83,83812.8
"Iran, Islamic Rep.",7781.41,7927.84,6018.32,5585.53,4904.33,5253.43,5520.31,3598.48,3114.62,2282.55
Iraq,6045.49,6836.07,7076.55,6637.68,4688.32,4550.66,5076.69,5523.08,5658.49,4157.48
Iceland,47714.59,45995.55,49804.98,54576.74,52951.68,61987.93,72010.15,74348.36,68883.15,59260.89
Israel,33610.69,32510.35,36316.48,37738.42,35813.71,37282.53,40474.67,41704.83,43588.71,43610.52
Italy,38649.64,35051.52,35560.08,35565.72,30242.39,30960.73,32406.72,34625.58,33566.79,31676.2
Jamaica,5111.47,5209.86,4989.73,4834.28,4907.93,4843.75,5070.1,5359.99,5369.5,4664.53
Jordan,3852.89,3910.35,4044.43,4131.45,4164.11,4175.36,4231.52,4308.15,4405.49,4282.77
Japan,48168,48603.48,40454.45,38109.41,34524.47,38761.82,38386.51,39159.42,40113.06,
Kazakhstan,11634,12386.7,13890.63,12807.26,10510.77,7714.84,9247.58,9812.63,9812.6,9055.75
Kenya,971.63,1136.87,1210.39,1315.8,1336.88,1410.53,1572.35,1708,1816.55,1838.21
Kyrgyz Republic,1123.88,1177.97,1282.44,1279.77,1121.08,1120.67,1242.77,1308.14,1374.03,1173.61
Cambodia,882.28,950.88,1013.42,1093.5,1162.9,1269.59,1385.26,1512.13,1643.12,1512.73
Kiribati,1734.9,1788.69,1715.81,1642.82,1542.62,1584.74,1640.57,1698.33,1655.05,1670.82
St. Kitts and Nevis,16539.77,16046.49,16685.95,18051.18,18028.97,18810.56,19158.74,19276.52,19773.46,17435.93
"Korea, Rep.",25096.26,25466.76,27182.73,29249.58,28732.23,29288.87,31616.84,33422.94,31846.22,31489.12
Kuwait,48631.78,51979.12,49388.05,44062.34,29869.55,27653.16,29759.47,33399.06,32373.25,
Latin America & Caribbean (excluding high income),9878.57,9843.21,9963.79,10096.42,8515.47,8202.39,9054.99,8705.67,8526.2,6993.82
Lao PDR,1378.36,1581.4,1825.67,1998.33,2134.71,2308.8,2423.85,2542.49,2544.95,2630.2
Lebanon,7675.31,7952.15,7933.23,7687.93,7644.55,7626.3,7792.6,8012.54,7583.7,4891
Liberia,596.9,657.94,721.93,721.18,710.38,714.62,698.7,677.32,621.89,583.27
Libya,5554.18,13025.28,10363.8,6466.91,4337.92,4035.2,5756.7,7877.12,7685.95,3699.23
St. Lucia,8983.74,9086.39,9378.99,9843.31,10093.62,10361.58,11047.44,11357.83,11611.1,9276.12
Latin America & Caribbean,10204.24,10198.39,10339.95,10433.17,8888.23,8600.76,9461.21,9158.44,8951.81,7417.25
Least developed countries: UN classification,906.41,932.58,997.69,1052.69,1011.53,986.92,1053.96,1065.29,1094.89,1068.8
Low income,773.32,777.73,828.56,874.32,851.36,785.63,790.86,795.95,820.9,821.86
Liechtenstein,158130.46,149010.22,173030.21,178864.85,167313.27,165642.39,171253.96,180366.72,,
Sri Lanka,3200.86,3350.52,3610.29,3819.25,3843.78,3886.29,4076.75,4058.8,3851.56,3682.04
Lower middle income,2020.21,2087.32,2093.38,2145.5,2074.98,2134.94,2266.94,2264.39,2352.78,2200.4
Low & middle income,4190.2,4413.68,4617.7,4730.57,4435.36,4406.19,4779.98,5006.1,5075.83,4819.44
Lesotho,1287.27,1229.64,1166.91,1194.58,1146.06,1018.93,1102.94,1192.48,1113.37,861.01
Late-demographic dividend,7508.41,7983.94,8553.67,8819.29,8219.92,8190.67,9034.76,9849.98,9989.87,9758.45
Lithuania,4168.37,4162.73,4554.75,4797.54,14263.96,15008.31,16885.41,19176.18,19555.21,19997.59
Luxembourg,115913.19,106742.91,113657.44,118981.91,101417.27,104349.23,107627.15,116654.26,114685.17,115873.6
Latvia,19771.04,19815.41,21514.93,15734.47,13780.15,14325.52,15682.22,17858.28,17794.48,17619.95
"Macao SAR, China",66891.28,76572.15,89260.76,93022.88,74839.33,73569.43,81044.89,87554.71,86117.66,
Morocco,3046.95,2912.66,3121.68,3171.7,2875.26,2896.72,3035.45,3226.98,3230.41,3009.25
Monaco,169016.2,157520.22,177673.75,189432.37,165989.51,170028.66,167517.06,185978.61,190512.74,
Moldova,2942.26,3045.74,3322.04,3328.8,2732.46,2880.44,3509.69,4230.36,4494.02,4551.13
Madagascar,531.27,518.15,541.07,530.86,467.24,475.96,515.29,518.4,526.22,495.49
Maldives,7291.47,7265.72,7928.48,8499.31,9033.46,9209.4,9577.7,10276.77,10626.43,7455.86
Middle East & North Africa,8326.33,8897.74,8656.29,8527.82,7357.41,7257.02,7403.3,7546.7,7511.82,6669.9
Mexico,10203.42,10241.73,10725.18,10928.92,9616.65,8744.52,9287.85,9686.51,9946.03,8346.7
Marshall Islands,3046.29,3181.62,3246.63,3185.26,3199.89,3491,3672.58,3793.55,4073.11,
Middle income,4528.29,4777.98,5003.16,5129.1,4811.88,4790.89,5208.92,5465.32,5548.16,5272.15
North Macedonia,5063.89,4697.2,5210.15,5468.13,4843.49,5133,5432.41,6087.47,6022.24,5888
Mali,837.61,778.63,805.03,848.28,751.47,780.72,830.02,894.8,879.12,858.92
Malta,23155.55,22527.64,24771.08,26754.27,24921.6,25741.45,28250.7,30672.29,30186.2,27884.64
Myanmar,1061.92,1035.8,1121.94,1140.77,1144.47,1158.43,1257.8,1279.09,1477.36,1400.22
Middle East & North Africa (excluding high income),4624.84,5014.19,4609.47,4453.93,3924.98,3919.47,3801.05,3501.87,3507.51,3066.23
Montenegro,7328.93,6586.72,7189.3,7388.15,6517.16,7033.6,7803.41,8850.09,8910.65,7686.09
Mongolia,3757.57,4351.89,4366.09,4158.52,3918.59,3660.15,3669.41,4134.98,4339.84,4007.31
Northern Mariana Islands,13496.75,13736.97,14091.19,15044.94,16314.38,21891.18,27584.74,22886.67,20659.64,
Mozambique,594.59,657.64,664.08,673.97,589.86,428.93,461.42,503.32,503.57,448.61
Mauritania,1879.77,1815.22,1892.09,1677.11,1524.07,1536.85,1577.86,1601.29,1679.44,1672.92
Mauritius,9197.04,9291.24,9637.02,10153.93,9260.45,9681.62,10484.91,11208.33,11097.59,8622.68
Malawi,534.95,391.56,348.43,371.27,380.6,315.78,497.31,535.35,583.11,625.29
Malaysia,10399.37,10817.43,10970.1,11319.06,9955.24,9817.79,10259.3,11377.65,11414.2,10401.79
North America,50123.85,51717.79,53068.03,54648.02,55542.97,56451.52,58605.34,61381.63,63341.78,61453.13
Namibia,5806.75,5942.29,5392.09,5469.9,4896.62,4546.99,5367.11,5587.99,5037.34,4211.05
Niger,512.6,529.74,552.57,564.6,484.24,498.11,517.98,572.43,553.89,565.06
Nigeria,2487.6,2723.82,2961.55,3098.99,2687.48,2176,1968.57,2027.78,2229.86,2097.09
Nicaragua,1655.82,1760.47,1811.64,1934.06,2049.85,2107.57,2159.16,2014.57,1926.7,1905.26
Netherlands,54230.31,50070.14,52198.9,52900.54,45193.4,46039.11,48675.22,53044.53,52295.04,52304.06
Norway,100600.56,101524.14,102913.45,97019.18,74355.52,70460.56,75496.75,82267.81,75826.08,67294.48
Nepal,799.58,804.14,823.36,844.85,901.75,899.52,1048.45,1178.53,1194.96,1155.14
Nauru,6560.27,9562.67,9648.5,10171.48,8365.07,9555.79,10360.78,11614.67,10983.22,
New Zealand,39168.28,40170.14,42994.23,43366.51,37463.77,40818.09,43225.8,42621.4,41999.37,41791.79
OECD members,37358.35,37092.26,37356.99,37892.2,35551.44,35998.84,37352.37,39271.12,39412.1,37975.91
Oman,20876.59,21872.61,20865.79,20035.22,16033.46,14609.98,15127.89,16521.21,15343.04,
Other small states,14905.06,15218.63,15558.88,15759.55,12814.44,12411.01,13243.41,14403.24,13821.34,11821.75
Pakistan,1164.98,1198.12,1208.92,1251.18,1356.67,1368.43,1464.93,1482.21,1284.7,1193.73
Panama,9358.26,10722.25,11889.07,12796.06,13630.32,14343.98,15146.4,15544.73,15727.97,12269.05
Peru,5869.32,6528.97,6756.75,6672.88,6229.1,6205,6710.51,6957.79,7027.61,6126.87
Philippines,2450.735694,2694.305109,2871.429701,2959.645435,3001.043182,3073.654686,3123.245642,3252.110274,3485.340844,3298.829851
Palau,11094.83322,12044.10547,12561.33614,13711.7617,15876.46193,16653.42589,16065.29283,15657.17715,14907.77735,
Papua New Guinea,2406.910967,2790.676303,2729.888751,2920.782986,2679.346579,2509.629637,2695.249009,2801.371393,2829.167085,2636.800249
Poland,13879.56099,13097.27085,13696.4663,14271.30585,12578.49547,12447.43959,13864.68176,15468.40941,15694.84082,15656.18273
Pre-demographic dividend,1569.825577,1672.779198,1780.21985,1822.918991,1560.519966,1393.575355,1415.718939,1449.099681,1481.042628,1342.482391
Puerto Rico,27278.88305,27944.73389,28513.16574,28981.45733,29763.4883,30627.1634,31108.75275,31604.70151,32850.54861,32290.92114
Portugal,23217.2955,20563.7136,21653.19598,22103.70097,19250.10654,19991.97249,21490.42986,23562.55452,23284.52723,22439.87687
Paraguay,5329.387437,5185.141549,5936.975959,6118.31811,5413.776021,5324.609068,5678.869972,5782.78455,5380.963322,4949.7497
West Bank and Gaza,2880.798437,3067.438727,3315.297539,3352.112595,3272.154324,3527.613824,3620.360487,3562.330943,3656.858271,3239.731108
Pacific island small states,3440.720461,3608.92391,3702.149345,3970.784808,3832.438806,3962.439848,4220.736436,4336.985308,4268.838313,3626.290589
Post-demographic dividend,42376.96301,42139.50088,42379.92468,43071.90983,40618.13069,41350.74271,42961.82847,45367.46377,45650.14027,44217.89723
Qatar,82409.94164,85075.98654,85050.68435,83858.34046,63039.11263,57162.96801,59124.86727,65907.94843,62087.97413,50805.46357
Romania,9099.217539,8507.104775,9547.852151,10043.67745,8969.148921,9548.587403,10807.00917,12398.98198,12889.80961,12896.08862
Russian Federation,14311.08432,15420.87454,15974.64463,14095.64874,9313.013625,8704.898413,10720.33266,11287.35528,11497.64925,10126.72179
Rwanda,668.4946722,725.1697703,722.8943285,743.559038,751.0773926,744.7607488,772.3169891,783.6371628,820.1492886,797.8555543
South Asia,1368.944608,1366.115421,1383.560005,1496.00791,1543.489948,1652.196,1867.505482,1894.169093,1959.342256,1804.917623
Saudi Arabia,23745.88058,25243.602,24845.12466,24464.21256,20627.92693,19878.76384,20802.46631,23337.01755,23139.79798,20110.31619
Sudan,1437.779831,1332.914187,1381.489462,1625.463728,1656.905841,1325.156019,1103.000026,825.8689411,753.2821741,595.467833
Senegal,1366.774501,1317.779802,1372.665779,1396.657339,1219.249415,1269.903294,1361.701972,1458.069093,1430.148259,1487.757309
Singapore,53890.42873,55546.48854,56967.42579,57562.53079,55646.61875,56848.17539,61176.45636,66679.04649,65640.70795,59797.75218
Solomon Islands,1938.891187,2141.821522,2248.614935,2274.887866,2167.119928,2225.486842,2332.844216,2411.862926,2344.231634,2258.400365
Sierra Leone,448.3376621,566.3782351,716.8358269,714.6997957,588.2288628,501.4151655,499.3809746,533.9915333,527.5341745,484.5212675
El Salvador,3266.012588,3428.409332,3509.528132,3589.041296,3705.579704,3805.995686,3910.255969,4052.624775,4167.730939,3798.636521
San Marino,57297.51331,49988.46363,51570.98395,50817.33082,42662.90265,43828.23246,45399.02906,48996.59225,47731.20854,
Somalia,,,297.9553578,295.2666099,293.4551719,295.9673926,309.0543803,314.542678,320.0381483,309.4154546
Serbia,6809.159804,6015.945228,6755.073675,6600.056809,5588.980728,5765.200762,6292.543629,7252.401858,7411.558649,7666.244476
Sub-Saharan Africa (excluding high income),1739.987881,1775.533706,1839.496037,1860.252141,1657.286312,1507.096028,1562.913964,1595.496495,1597.727503,1482.909594
South Sudan,1516.404378,1179.739711,1779.470365,1322.820364,1119.651437,,,,,
Sub-Saharan Africa,1741.010781,1776.51779,1840.729073,1861.462891,1658.514663,1508.352794,1564.22416,1596.825251,1599.015966,1483.769566
Small states,13214.7843,13525.31686,13822.18876,14016.28428,11759.92876,11368.10556,12066.37189,13040.90638,12622.52891,10864.0078
Sao Tome and Principe,1254.541598,1330.620114,1564.768548,1770.467688,1584.775657,1700.097997,1813.807434,1953.513257,1987.579702,2157.840446
Suriname,8263.203803,9200.974786,9402.164419,9471.922001,9168.237157,5872.789429,6295.560562,6938.086981,7261.16561,6491.139065
Slovak Republic,18385.62908,17480.89552,18265.20702,18699.21595,16317.54936,16519.88465,17547.55462,19374.08099,19273.25395,19156.88961
Slovenia,25128.01504,22641.80512,23503.28249,24247.17332,20890.16643,21678.35947,23512.81727,26115.91337,25940.72803,25179.66717
Sweden,60755.75955,58037.82132,61126.9432,60020.36046,51545.48361,51965.15715,53791.50873,54589.06039,51686.85135,51925.71376
Eswatini,4496.612962,4527.681573,4230.328486,4038.55354,3679.819798,3425.528759,3914.421839,4105.897212,3894.66963,3415.459446
Sint Maarten (Dutch part),27997.28983,28460.33262,27942.88054,33043.68838,32274.89055,31616.6817,29369.05683,29160.10381,,
Seychelles,12189.09516,12006.68296,14765.67398,14700.33434,14745.34146,15068.62035,15906.08391,16390.82491,16198.51748,11425.09293
Turks and Caicos Islands,21839.00992,21345.02598,21715.31397,23778.51913,26183.88504,28241.47929,27545.12879,29553.1367,31350.86663,23879.92665
Chad,984.7361305,967.3529488,979.8117426,1020.287979,776.0197523,693.4497674,665.9488849,726.1510071,709.5400432,614.4651899
East Asia & Pacific (IDA & IBRD countries),4907.543722,5432.816401,5953.112445,6370.399755,6588.031586,6679.251594,7248.229616,8051.812548,8280.234696,8378.63094
Europe & Central Asia (IDA & IBRD countries),10017.72511,10406.48496,10973.16488,10319.43686,8008.230261,7665.383797,8553.532336,8868.02881,9002.297601,8368.476616
Togo,587.0974928,571.8067239,621.3988536,640.9342196,570.9099672,803.1518934,830.7452767,901.5230169,893.3524541,914.9505826
Thailand,5492.1215,5860.581471,6168.261356,5951.883487,5840.053067,5993.305516,6593.818352,7296.879608,7817.011522,7189.041835
Tajikistan,847.3824321,969.2961039,1048.225602,1104.172358,978.4049812,807.1025861,848.6723799,853.2188734,890.5444024,859.1379611
Turkmenistan,5649.962106,6675.178055,7304.285771,7962.244925,6432.685325,6387.682575,6587.092604,6967.375043,7612.03518,
Latin America & the Caribbean (IDA & IBRD countries),10139.62059,10123.72578,10261.55107,10350.15899,8745.674436,8440.432404,9316.218215,9001.310135,8776.748232,7244.555569
Timor-Leste,947.5107667,1013.042872,1210.03999,1232.453997,1332.791772,1353.746815,1286.406785,1230.22528,1560.508615,1381.17566
Middle East & North Africa (IDA & IBRD countries),4644.969214,5036.826624,4624.312535,4466.514805,3932.172284,3923.436,3802.414802,3500.262154,3504.714745,3063.189564
Tonga,4002.813771,4581.783245,4428.146521,4354.24436,4336.239603,4157.877249,4513.432531,4740.700272,4903.012138,
South Asia (IDA & IBRD),1368.944608,1366.115421,1383.560005,1496.00791,1543.489948,1652.196,1867.505482,1894.169093,1959.342256,1804.917623
Sub-Saharan Africa (IDA & IBRD countries),1741.010781,1776.51779,1840.729073,1861.462891,1658.514663,1508.352794,1564.22416,1596.825251,1599.015966,1483.769566
Trinidad and Tobago,19034.12071,19157.45977,20143.54541,20270.93377,18214.46062,16250.62869,16173.74005,17037.86236,16637.16294,15384.03946
Tunisia,4264.678122,4152.684394,4222.70514,4305.482357,3861.6924,3697.938729,3481.241106,3438.805067,3351.573443,3319.819024
Turkey,11420.55546,11795.63346,12614.78161,12157.99043,11006.27952,10894.60338,10589.66772,9453.196172,9126.594392,8538.16906
Tuvalu,3643.121608,3506.308144,3457.376266,3398.39675,3197.772252,3253.899536,3574.065288,3701.709255,4055.89561,4143.109753
Tanzania,781.4338957,867.8574989,970.3996014,1030.077648,947.9333517,966.5030166,1004.906588,1042.838759,1085.884861,1076.470385
Uganda,828.9941128,786.738711,806.6119363,879.7349486,843.6295453,733.3971317,746.8307512,770.2570601,794.4514454,817.0357569
Ukraine,3569.758121,3855.417729,4029.711252,3104.643206,2124.662319,2187.73051,2640.675677,3096.817402,3662.563087,3726.927149
Upper middle income,7593.699493,8092.060926,8614.228386,8859.135678,8257.060889,8156.475382,8965.562497,9588.189552,9696.753839,9295.764144
Uruguay,14236.715,15171.58017,16973.68924,16831.94819,15613.74597,16715.63347,18690.89384,18703.86029,17688.01501,15438.41167
United States,49882.55813,51602.93105,53106.53677,55049.98833,56863.3715,58021.4005,60109.65573,63064.41841,65279.52903,63543.57779
Uzbekistan,1926.292997,2137.025122,2281.410973,2492.336643,2615.025134,2567.799207,1826.566919,1529.082864,1719.05721,1685.764947
St. Vincent and the Grenadines,6242.252962,6390.310632,6639.484897,6684.377547,6921.702479,7074.548765,7213.025857,7361.400962,7457.239776,7297.91235
"Venezuela, RB",10955.53801,12986.22269,12457.7686,16055.64532,,,,,,
Virgin Islands (U.S.),39144.88872,37850.77827,34820.11459,33573.71943,34796.49436,36022.54548,36287.87949,37233.29689,,
Vietnam,1525.119025,1735.152116,1886.69017,2030.278447,2085.101349,2192.174482,2365.521615,2566.447487,2715.27598,2785.724157
Vanuatu,3173.822022,2997.293432,2954.774511,2926.67996,2695.666186,2805.66532,3082.475083,3125.404999,3102.34679,2782.98434
World,10493.16985,10606.35762,10783.68124,10951.69061,10251.02048,10294.18971,10834.34434,11372.72733,11417.17406,10925.74607
Samoa,3933.459357,4022.177848,4037.615168,3937.779197,4073.729164,4109.059523,4259.634172,4188.571058,4324.101774,4067.47263
Kosovo,3741.875052,3596.804655,3891.266363,4080.330717,3603.025501,3780.003689,4045.614209,4419.914327,4445.890702,4287.200903
"Yemen, Rep.",1374.621401,1446.536472,1607.152173,1674.002572,1601.830063,1138.603723,960.528848,824.117718,,
South Africa,8007.476439,7501.661096,6832.725546,6433.400402,5734.633422,5272.543648,6131.47945,6372.605655,6001.401121,5090.715025
Zambia,1672.907535,1763.069442,1878.346811,1762.427817,1338.290927,1280.806543,1535.196574,1516.3711,1305.002214,1050.919283
Zimbabwe,1093.653409,1304.968011,1429.998461,1434.896277,1445.069702,1464.588957,1335.665064,1352.162653,1156.154864,1128.210711